/*******************************************************************************
 * Size: 16 px
 * Bpp: 4
 * Opts: --no-compress --no-prefilter --bpp 4 --size 16 --format lvgl --output lvgldemo_font_zh_16.c --font /usr/share/fonts/truetype/droid/DroidSansFallbackFull.ttf -r 0x20-0x7f --symbols ä¸ä¸ä¸ä¸¢ä¸­ä¸ºä¸»ä»ä»ä»¤ä»¥ä»¶ä»»ä¼ä½ä½ä¿¡åå¨åååå¥åååºå»å«å°å¶å·åå¡å¨åºåå¡ååå¯å°å·åå¯å½ååå¨ååå¤å¤±å¤´å­å­å­å®å®å°±å±å±å·¥å·²å¸¸åºåºåº¦å¼å¼å½å¾ææ¯æææ«ææ©æ®æ¥æ§æ¨æææ¸ææ°æ°æ æ¥æ¶æ¾ææªææ¥æ æ ¸æ¡æ£æ¨¡æ­£æ®µæ´¾æµæµæ¶æ¸ç¹ç¶çç©ç¶ç¨ççç®ççç ç¡¬ç¡®ç¢ç¤ºç¦»ç¨ç©ºç«ç«¯ç¬¬ç­ç³»çº¿ç»ç»ç»ç»ç»§ç»ªç»­ç¼ç½èè§¦è®¢è®¤è®¾è®¿è¯è¯è¯·è´¥è·¯è½¦è¾è¾è¿è¿è¿è¿ééééééé®é®é²é´é¶é¤ééé¢é³é¢éª
 ******************************************************************************/

#ifdef LV_LVGL_H_INCLUDE_SIMPLE
#include "lvgl.h"
#else
#include "lvgl/lvgl.h"
#endif

#ifndef LVGLDEMO_FONT_ZH_16
#define LVGLDEMO_FONT_ZH_16 1
#endif

#if LVGLDEMO_FONT_ZH_16

/*-----------------
 *    BITMAPS
 *----------------*/

/*Store the image of the glyphs*/
static const uint8_t glyph_bitmap[] = {
    /* U+0020 " " */

    /* U+4E00 "ä¸" */
    0xef, 0xff, 0xff, 0xff, 0xff, 0xff, 0xf6, 0x23,
    0x33, 0x33, 0x33, 0x33, 0x33, 0x31,

    /* U+4E0D "ä¸" */
    0xe, 0xff, 0xff, 0xff, 0xff, 0xff, 0xff, 0xa0,
    0x3, 0x44, 0x44, 0x48, 0xf5, 0x44, 0x44, 0x20,
    0x0, 0x0, 0x0, 0x1e, 0x80, 0x0, 0x0, 0x0,
    0x0, 0x0, 0x0, 0xcf, 0x40, 0x0, 0x0, 0x0,
    0x0, 0x0, 0xa, 0xef, 0x49, 0xd1, 0x0, 0x0,
    0x0, 0x0, 0x9e, 0x4f, 0x40, 0xbe, 0x30, 0x0,
    0x0, 0xa, 0xe2, 0x1f, 0x40, 0xb, 0xf3, 0x0,
    0x2, 0xcd, 0x20, 0x1f, 0x40, 0x0, 0xbe, 0x30,
    0x2f, 0xb1, 0x0, 0x1f, 0x40, 0x0, 0xc, 0xe0,
    0x4, 0x0, 0x0, 0x1f, 0x40, 0x0, 0x0, 0x40,
    0x0, 0x0, 0x0, 0x1f, 0x40, 0x0, 0x0, 0x0,
    0x0, 0x0, 0x0, 0x1f, 0x40, 0x0, 0x0, 0x0,
    0x0, 0x0, 0x0, 0x1f, 0x40, 0x0, 0x0, 0x0,

    /* U+4E0E "ä¸" */
    0x0, 0xb8, 0x0, 0x0, 0x0, 0x0, 0x0, 0x0,
    0xb8, 0x0, 0x0, 0x0, 0x0, 0x0, 0x0, 0xbe,
    0xdd, 0xdd, 0xdd, 0xdd, 0xd8, 0x0, 0xbb, 0x55,
    0x55, 0x55, 0x55, 0x53, 0x0, 0xb8, 0x0, 0x0,
    0x0, 0x0, 0x0, 0x0, 0xb8, 0x0, 0x0, 0x0,
    0x0, 0x0, 0x0, 0xba, 0x44, 0x44, 0x44, 0x44,
    0x40, 0x0, 0xae, 0xee, 0xee, 0xee, 0xee, 0xf0,
    0x0, 0x0, 0x0, 0x0, 0x0, 0x5, 0xe0, 0x23,
    0x33, 0x33, 0x33, 0x33, 0x6, 0xd0, 0xaf, 0xff,
    0xff, 0xff, 0xfe, 0x8, 0xb0, 0x0, 0x0, 0x0,
    0x0, 0x0, 0xa, 0x90, 0x0, 0x0, 0x0, 0x4,
    0x43, 0x4f, 0x60, 0x0, 0x0, 0x0, 0x7, 0xde,
    0xfa, 0x0,

    /* U+4E22 "ä¸¢" */
    0x0, 0x0, 0x1, 0x22, 0x46, 0x79, 0xb7, 0x0,
    0xc, 0xff, 0xff, 0xff, 0xca, 0x87, 0x50, 0x0,
    0x11, 0x0, 0xa, 0xa0, 0x0, 0x0, 0x0, 0x0,
    0x0, 0x0, 0xaa, 0x0, 0x0, 0x0, 0x0, 0x6f,
    0xff, 0xff, 0xff, 0xff, 0xf8, 0x0, 0x1, 0x33,
    0x33, 0xbb, 0x33, 0x33, 0x20, 0x0, 0x0, 0x0,
    0xa, 0xa0, 0x0, 0x0, 0x0, 0x55, 0x55, 0x55,
    0xcc, 0x55, 0x55, 0x55, 0xd, 0xdd, 0xde, 0xfe,
    0xdd, 0xdd, 0xdd, 0xd0, 0x0, 0x0, 0xad, 0x0,
    0x0, 0x40, 0x0, 0x0, 0x0, 0x5f, 0x40, 0x0,
    0x5f, 0x40, 0x0, 0x0, 0x3f, 0x80, 0x0, 0x0,
    0x9e, 0x10, 0x0, 0x4f, 0xd6, 0x67, 0x9a, 0xce,
    0xf8, 0x0, 0x7, 0xed, 0xcb, 0xa8, 0x75, 0x38,
    0xf1, 0x0, 0x0, 0x0, 0x0, 0x0, 0x0, 0x4,
    0x0,

    /* U+4E2D "ä¸­" */
    0x0, 0x0, 0x0, 0xe5, 0x0, 0x0, 0x0, 0x0,
    0x0, 0x0, 0xe5, 0x0, 0x0, 0x0, 0x15, 0x55,
    0x55, 0xf9, 0x55, 0x55, 0x51, 0x4f, 0xdd, 0xdd,
    0xfe, 0xdd, 0xdd, 0xf5, 0x4f, 0x0, 0x0, 0xe5,
    0x0, 0x0, 0xf5, 0x4f, 0x0, 0x0, 0xe5, 0x0,
    0x0, 0xf5, 0x4f, 0x0, 0x0, 0xe5, 0x0, 0x0,
    0xf5, 0x4f, 0x11, 0x11, 0xe6, 0x11, 0x11, 0xf5,
    0x4f, 0xff, 0xff, 0xff, 0xff, 0xff, 0xf5, 0x4f,
    0x22, 0x22, 0xe6, 0x22, 0x22, 0xf5, 0x17, 0x0,
    0x0, 0xe5, 0x0, 0x0, 0x51, 0x0, 0x0, 0x0,
    0xe5, 0x0, 0x0, 0x0, 0x0, 0x0, 0x0, 0xe5,
    0x0, 0x0, 0x0, 0x0, 0x0, 0x0, 0xe5, 0x0,
    0x0, 0x0,

    /* U+4E3A "ä¸º" */
    0x0, 0x31, 0x4, 0xf0, 0x0, 0x0, 0x0, 0x0,
    0xcc, 0x4, 0xf0, 0x0, 0x0, 0x0, 0x0, 0x2f,
    0x65, 0xf0, 0x0, 0x0, 0x0, 0x0, 0x4, 0x15,
    0xf0, 0x0, 0x0, 0x0, 0xc, 0xee, 0xef, 0xfe,
    0xee, 0xee, 0xe3, 0x3, 0x44, 0x4a, 0xd4, 0x44,
    0x44, 0xf3, 0x0, 0x0, 0xa, 0xb0, 0x0, 0x0,
    0xf3, 0x0, 0x0, 0xe, 0x7a, 0x80, 0x0, 0xf3,
    0x0, 0x0, 0x4f, 0x27, 0xf2, 0x0, 0xf2, 0x0,
    0x0, 0xcb, 0x0, 0xe9, 0x1, 0xf2, 0x0, 0x8,
    0xf2, 0x0, 0x30, 0x2, 0xf1, 0x0, 0x7f, 0x60,
    0x0, 0x0, 0x4, 0xf0, 0x2b, 0xf6, 0x0, 0x0,
    0x45, 0x4b, 0xb0, 0x4d, 0x30, 0x0, 0x0, 0x6e,
    0xfc, 0x20, 0x0, 0x0, 0x0, 0x0, 0x0, 0x0,
    0x0,

    /* U+4E3B "ä¸»" */
    0x0, 0x0, 0x0, 0x49, 0x0, 0x0, 0x0, 0x0,
    0x0, 0x0, 0x0, 0x4f, 0x30, 0x0, 0x0, 0x0,
    0x2, 0x33, 0x33, 0x3e, 0xa3, 0x33, 0x33, 0x20,
    0x9, 0xff, 0xff, 0xff, 0xff, 0xff, 0xff, 0x90,
    0x0, 0x0, 0x0, 0xb, 0x90, 0x0, 0x0, 0x0,
    0x0, 0x0, 0x0, 0xb, 0x90, 0x0, 0x0, 0x0,
    0x0, 0x0, 0x0, 0xb, 0x90, 0x0, 0x0, 0x0,
    0x0, 0xdf, 0xff, 0xff, 0xff, 0xff, 0xfc, 0x0,
    0x0, 0x33, 0x33, 0x3c, 0xa3, 0x33, 0x33, 0x0,
    0x0, 0x0, 0x0, 0xb, 0x90, 0x0, 0x0, 0x0,
    0x0, 0x0, 0x0, 0xb, 0x90, 0x0, 0x0, 0x0,
    0x0, 0x0, 0x0, 0xb, 0x90, 0x0, 0x0, 0x0,
    0x3, 0x33, 0x33, 0x3c, 0xa3, 0x33, 0x33, 0x30,
    0xf, 0xff, 0xff, 0xff, 0xff, 0xff, 0xff, 0xf0,

    /* U+4EC5 "ä»" */
    0x0, 0x3, 0xc0, 0x0, 0x0, 0x0, 0x0, 0x0,
    0x0, 0x9, 0xc7, 0xff, 0xff, 0xff, 0xf5, 0x0,
    0x0, 0xf, 0x51, 0xba, 0x33, 0x33, 0xf3, 0x0,
    0x0, 0x7f, 0x10, 0x7d, 0x0, 0x3, 0xf1, 0x0,
    0x1, 0xff, 0x10, 0x2f, 0x20, 0x7, 0xd0, 0x0,
    0xb, 0xef, 0x10, 0xd, 0x70, 0xc, 0x80, 0x0,
    0x3f, 0x5f, 0x10, 0x6, 0xe0, 0x2f, 0x20, 0x0,
    0x4, 0x3f, 0x10, 0x0, 0xe7, 0xac, 0x0, 0x0,
    0x0, 0x3f, 0x10, 0x0, 0x6f, 0xf3, 0x0, 0x0,
    0x0, 0x3f, 0x10, 0x0, 0x1f, 0xe1, 0x0, 0x0,
    0x0, 0x3f, 0x10, 0x1, 0xdd, 0xdc, 0x10, 0x0,
    0x0, 0x3f, 0x10, 0x3d, 0xc1, 0x1c, 0xe3, 0x0,
    0x0, 0x3f, 0x28, 0xfa, 0x10, 0x0, 0xaf, 0x80,
    0x0, 0x3f, 0x2c, 0x40, 0x0, 0x0, 0x5, 0xb0,

    /* U+4ECA "ä»" */
    0x0, 0x0, 0x0, 0x8, 0xa0, 0x0, 0x0, 0x0,
    0x0, 0x0, 0x0, 0x6f, 0xf3, 0x0, 0x0, 0x0,
    0x0, 0x0, 0x7, 0xf8, 0x8f, 0x50, 0x0, 0x0,
    0x0, 0x1, 0xaf, 0x80, 0x7, 0xf9, 0x0, 0x0,
    0x0, 0x4e, 0xf5, 0xa, 0x30, 0x4e, 0xe5, 0x0,
    0x1a, 0xfc, 0x20, 0xb, 0xa0, 0x1, 0xbf, 0xc2,
    0x1b, 0x50, 0x0, 0x5, 0xc0, 0x0, 0x4, 0xa0,
    0x0, 0x1, 0x11, 0x11, 0x11, 0x11, 0x10, 0x0,
    0x0, 0xaf, 0xff, 0xff, 0xff, 0xff, 0xf1, 0x0,
    0x0, 0x12, 0x22, 0x22, 0x22, 0x4f, 0xb0, 0x0,
    0x0, 0x0, 0x0, 0x0, 0x0, 0xce, 0x10, 0x0,
    0x0, 0x0, 0x0, 0x0, 0xa, 0xf3, 0x0, 0x0,
    0x0, 0x0, 0x0, 0x0, 0xaf, 0x40, 0x0, 0x0,
    0x0, 0x0, 0x0, 0x7, 0xf5, 0x0, 0x0, 0x0,
    0x0, 0x0, 0x0, 0x0, 0x30, 0x0, 0x0, 0x0,

    /* U+4EE4 "ä»¤" */
    0x0, 0x0, 0x0, 0x0, 0x0, 0x0, 0x0, 0x0,
    0x0, 0x0, 0x0, 0xc, 0xa0, 0x0, 0x0, 0x0,
    0x0, 0x0, 0x0, 0xbf, 0xf5, 0x0, 0x0, 0x0,
    0x0, 0x0, 0x2d, 0xe2, 0x5f, 0x80, 0x0, 0x0,
    0x0, 0x6, 0xfc, 0x12, 0x4, 0xed, 0x30, 0x0,
    0x2, 0xbf, 0x90, 0xf, 0x50, 0x1b, 0xfa, 0x20,
    0x4f, 0xc3, 0x0, 0x9, 0xb0, 0x0, 0x6e, 0xf1,
    0x5, 0x0, 0x0, 0x1, 0x10, 0x0, 0x0, 0x40,
    0x0, 0x9f, 0xff, 0xff, 0xff, 0xff, 0xf1, 0x0,
    0x0, 0x23, 0x33, 0x33, 0x33, 0x5f, 0xc0, 0x0,
    0x0, 0x0, 0x0, 0x0, 0x0, 0xcd, 0x10, 0x0,
    0x0, 0x0, 0xcb, 0x40, 0x1c, 0xe2, 0x0, 0x0,
    0x0, 0x0, 0x3a, 0xfd, 0xdd, 0x20, 0x0, 0x0,
    0x0, 0x0, 0x0, 0x2a, 0xfc, 0x20, 0x0, 0x0,
    0x0, 0x0, 0x0, 0x0, 0x4e, 0xa0, 0x0, 0x0,
    0x0, 0x0, 0x0, 0x0, 0x1, 0x10, 0x0, 0x0,

    /* U+4EE5 "ä»¥" */
    0x0, 0x0, 0x0, 0x0, 0xe, 0x50, 0x0, 0xf5,
    0x0, 0x0, 0x0, 0xe, 0x50, 0x0, 0xf5, 0xd,
    0x50, 0x0, 0xe, 0x40, 0x0, 0xf5, 0x8, 0xe1,
    0x0, 0xe, 0x40, 0x0, 0xf5, 0x0, 0xd9, 0x0,
    0xe, 0x30, 0x0, 0xf5, 0x0, 0x6f, 0x10, 0xf,
    0x20, 0x0, 0xf5, 0x0, 0xa, 0x20, 0x3f, 0x10,
    0x0, 0xf5, 0x0, 0x0, 0x0, 0x7f, 0x0, 0x0,
    0xf5, 0x0, 0x0, 0x0, 0xcd, 0x0, 0x0, 0xf5,
    0x5, 0xd8, 0x1, 0xff, 0x20, 0x0, 0xf8, 0xcf,
    0x70, 0x8, 0xfd, 0xd0, 0x0, 0xdf, 0x91, 0x0,
    0x4f, 0x72, 0xfa, 0x0, 0x22, 0x0, 0x6, 0xf9,
    0x0, 0x5f, 0x40, 0x0, 0x2, 0xcf, 0x70, 0x0,
    0xb, 0xd0, 0x0, 0x0, 0x82, 0x0, 0x0, 0x2,
    0x20,

    /* U+4EF6 "ä»¶" */
    0x0, 0x3, 0xd1, 0x4, 0x1, 0xf2, 0x0, 0x0,
    0x0, 0x8, 0xc0, 0x1f, 0x41, 0xf2, 0x0, 0x0,
    0x0, 0xe, 0x60, 0x7e, 0x1, 0xf2, 0x0, 0x0,
    0x0, 0x6f, 0x10, 0xdf, 0xff, 0xff, 0xff, 0xd0,
    0x0, 0xde, 0x7, 0xf4, 0x34, 0xf5, 0x33, 0x30,
    0x7, 0xfe, 0x1f, 0x80, 0x1, 0xf2, 0x0, 0x0,
    0xf, 0xce, 0x19, 0x0, 0x1, 0xf2, 0x0, 0x0,
    0x7, 0x5e, 0x1, 0x11, 0x12, 0xf3, 0x11, 0x10,
    0x0, 0x5e, 0xf, 0xff, 0xff, 0xff, 0xff, 0xf7,
    0x0, 0x5e, 0x2, 0x22, 0x23, 0xf4, 0x22, 0x20,
    0x0, 0x5e, 0x0, 0x0, 0x1, 0xf2, 0x0, 0x0,
    0x0, 0x5e, 0x0, 0x0, 0x1, 0xf2, 0x0, 0x0,
    0x0, 0x5e, 0x0, 0x0, 0x1, 0xf2, 0x0, 0x0,
    0x0, 0x5e, 0x0, 0x0, 0x1, 0xf2, 0x0, 0x0,

    /* U+4EFB "ä»»" */
    0x0, 0x0, 0x0, 0x0, 0x0, 0x0, 0x0, 0x0,
    0x0, 0x3, 0xd0, 0x0, 0x1, 0x24, 0x68, 0x20,
    0x0, 0x9, 0xb6, 0xff, 0xff, 0xff, 0xdb, 0x50,
    0x0, 0xe, 0x50, 0x43, 0x29, 0xb0, 0x0, 0x0,
    0x0, 0x6f, 0x10, 0x0, 0x9, 0xb0, 0x0, 0x0,
    0x0, 0xef, 0x10, 0x0, 0x9, 0xb0, 0x0, 0x0,
    0x9, 0xff, 0x10, 0x0, 0x9, 0xb0, 0x0, 0x0,
    0x3f, 0x7f, 0x13, 0x33, 0x3a, 0xc3, 0x33, 0x30,
    0x8, 0x3f, 0x1d, 0xff, 0xff, 0xff, 0xff, 0xf0,
    0x0, 0x3f, 0x10, 0x0, 0x9, 0xb0, 0x0, 0x0,
    0x0, 0x3f, 0x10, 0x0, 0x9, 0xb0, 0x0, 0x0,
    0x0, 0x3f, 0x10, 0x0, 0x9, 0xb0, 0x0, 0x0,
    0x0, 0x3f, 0x10, 0x0, 0x9, 0xb0, 0x0, 0x0,
    0x0, 0x3f, 0x12, 0x33, 0x3a, 0xc3, 0x33, 0x20,
    0x0, 0x3f, 0x19, 0xff, 0xff, 0xff, 0xff, 0xb0,

    /* U+4F1A "ä¼" */
    0x0, 0x0, 0x0, 0x0, 0x0, 0x0, 0x0, 0x0,
    0x0, 0x0, 0x0, 0xb, 0xb0, 0x0, 0x0, 0x0,
    0x0, 0x0, 0x0, 0xaf, 0xe2, 0x0, 0x0, 0x0,
    0x0, 0x0, 0x1b, 0xe3, 0x8f, 0x50, 0x0, 0x0,
    0x0, 0x4, 0xed, 0x20, 0x7, 0xfa, 0x10, 0x0,
    0x1, 0x9f, 0xa0, 0x0, 0x0, 0x4e, 0xe6, 0x0,
    0x2f, 0xe5, 0x7f, 0xff, 0xff, 0xf2, 0xaf, 0xc0,
    0x6, 0x0, 0x13, 0x33, 0x33, 0x30, 0x3, 0x40,
    0x0, 0x0, 0x0, 0x0, 0x0, 0x0, 0x0, 0x0,
    0xc, 0xff, 0xff, 0xff, 0xff, 0xff, 0xff, 0x50,
    0x2, 0x33, 0x3b, 0xf3, 0x33, 0x43, 0x33, 0x10,
    0x0, 0x0, 0x4f, 0x60, 0x3, 0xf6, 0x0, 0x0,
    0x0, 0x3, 0xea, 0x0, 0x0, 0x8f, 0x60, 0x0,
    0x0, 0x4e, 0xe6, 0x89, 0xbe, 0xff, 0xf4, 0x0,
    0x0, 0x8e, 0xdc, 0xa9, 0x63, 0x10, 0xbc, 0x0,
    0x0, 0x0, 0x0, 0x0, 0x0, 0x0, 0x11, 0x0,

    /* U+4F53 "ä½" */
    0x0, 0x3, 0xc0, 0x0, 0xe, 0x60, 0x0, 0x0,
    0x0, 0x9, 0xc0, 0x0, 0xe, 0x60, 0x0, 0x0,
    0x0, 0xf, 0x52, 0x33, 0x3e, 0x73, 0x33, 0x20,
    0x0, 0x7f, 0x1f, 0xff, 0xff, 0xff, 0xff, 0xb0,
    0x1, 0xff, 0x10, 0x0, 0xef, 0xf6, 0x0, 0x0,
    0xa, 0xff, 0x10, 0x4, 0xce, 0xac, 0x0, 0x0,
    0x3f, 0x6f, 0x10, 0xb, 0x7e, 0x6e, 0x30, 0x0,
    0x5, 0x3f, 0x10, 0x3f, 0xe, 0x67, 0xc0, 0x0,
    0x0, 0x3f, 0x10, 0xd8, 0xe, 0x60, 0xe6, 0x0,
    0x0, 0x3f, 0x18, 0xe0, 0xe, 0x60, 0x5f, 0x30,
    0x0, 0x3f, 0x6f, 0x6c, 0xcf, 0xdc, 0x7a, 0xf2,
    0x0, 0x3f, 0x48, 0x4, 0x4e, 0x84, 0x20, 0x90,
    0x0, 0x3f, 0x10, 0x0, 0xe, 0x60, 0x0, 0x0,
    0x0, 0x3f, 0x10, 0x0, 0xe, 0x60, 0x0, 0x0,
    0x0, 0x0, 0x0, 0x0, 0x0, 0x0, 0x0, 0x0,

    /* U+4F5C "ä½" */
    0x0, 0x0, 0x0, 0x0, 0x0, 0x0, 0x0, 0x0,
    0x0, 0x3, 0xf1, 0xc, 0x90, 0x0, 0x0, 0x0,
    0x0, 0x9, 0xb0, 0x2f, 0x50, 0x0, 0x0, 0x0,
    0x0, 0xf, 0x50, 0x9f, 0xff, 0xff, 0xff, 0xf6,
    0x0, 0x7f, 0x11, 0xf8, 0x7e, 0x33, 0x33, 0x31,
    0x1, 0xef, 0x19, 0xe0, 0x5e, 0x0, 0x0, 0x0,
    0x9, 0xff, 0x5f, 0x50, 0x5e, 0x22, 0x22, 0x0,
    0x3f, 0x7f, 0x39, 0x0, 0x5f, 0xff, 0xff, 0x60,
    0x7, 0x3f, 0x10, 0x0, 0x5e, 0x0, 0x0, 0x0,
    0x0, 0x3f, 0x10, 0x0, 0x5e, 0x0, 0x0, 0x0,
    0x0, 0x3f, 0x10, 0x0, 0x5f, 0x55, 0x55, 0x30,
    0x0, 0x3f, 0x10, 0x0, 0x5f, 0xdd, 0xdd, 0x80,
    0x0, 0x3f, 0x10, 0x0, 0x5e, 0x0, 0x0, 0x0,
    0x0, 0x3f, 0x10, 0x0, 0x5e, 0x0, 0x0, 0x0,
    0x0, 0x3f, 0x10, 0x0, 0x5e, 0x0, 0x0, 0x0,

    /* U+4FE1 "ä¿¡" */
    0x0, 0x4, 0xb0, 0x0, 0xa, 0x60, 0x0, 0x0,
    0x0, 0x9, 0xb1, 0x22, 0x2a, 0xd2, 0x22, 0x20,
    0x0, 0xf, 0x5d, 0xff, 0xff, 0xff, 0xff, 0xf1,
    0x0, 0x7f, 0x10, 0x11, 0x11, 0x11, 0x11, 0x10,
    0x0, 0xef, 0x10, 0xee, 0xee, 0xee, 0xee, 0x20,
    0x9, 0xef, 0x10, 0x33, 0x33, 0x33, 0x33, 0x0,
    0x3f, 0x6f, 0x10, 0x22, 0x22, 0x22, 0x22, 0x0,
    0x8, 0x3f, 0x10, 0xff, 0xff, 0xff, 0xff, 0x30,
    0x0, 0x3f, 0x10, 0x0, 0x0, 0x0, 0x0, 0x0,
    0x0, 0x3f, 0x10, 0xef, 0xff, 0xff, 0xff, 0x10,
    0x0, 0x3f, 0x10, 0xe7, 0x22, 0x22, 0x5f, 0x10,
    0x0, 0x3f, 0x10, 0xe5, 0x0, 0x0, 0x2f, 0x10,
    0x0, 0x3f, 0x10, 0xe8, 0x55, 0x55, 0x7f, 0x10,
    0x0, 0x3f, 0x10, 0xdd, 0xcc, 0xcc, 0xce, 0x10,

    /* U+505C "å" */
    0x0, 0x0, 0x0, 0x0, 0x0, 0x0, 0x0, 0x0,
    0x1, 0xe0, 0x0, 0xa, 0xa0, 0x0, 0x0, 0x0,
    0x6d, 0x6f, 0xff, 0xff, 0xff, 0xff, 0x70, 0xb,
    0x91, 0x45, 0x55, 0x55, 0x55, 0x41, 0x1, 0xf5,
    0xb, 0xfe, 0xee, 0xee, 0xfe, 0x0, 0x7f, 0x40,
    0xb8, 0x0, 0x0, 0x4, 0xe0, 0xe, 0xf4, 0xb,
    0xff, 0xff, 0xff, 0xfe, 0x4, 0xef, 0x42, 0x33,
    0x33, 0x33, 0x33, 0x32, 0x4, 0xe4, 0xdf, 0xff,
    0xff, 0xff, 0xff, 0xf0, 0xe, 0x4d, 0x50, 0x0,
    0x0, 0x0, 0x3f, 0x0, 0xe4, 0xb8, 0xff, 0xff,
    0xff, 0xf8, 0xf0, 0xe, 0x40, 0x1, 0x11, 0xe4,
    0x11, 0x0, 0x0, 0xe4, 0x0, 0x0, 0xe, 0x30,
    0x0, 0x0, 0xe, 0x40, 0x2, 0x43, 0xf3, 0x0,
    0x0, 0x0, 0xe4, 0x0, 0x4e, 0xfd, 0x0, 0x0,
    0x0,

    /* U+50A8 "å¨" */
    0x0, 0x3, 0xc2, 0x30, 0x0, 0x6d, 0x0, 0x0,
    0x0, 0x9, 0xc8, 0xe0, 0x2, 0x8e, 0x23, 0xe1,
    0x0, 0xe, 0x60, 0xe6, 0x5f, 0xff, 0xff, 0xa0,
    0x0, 0x6f, 0x10, 0x40, 0x0, 0x6d, 0x8e, 0x10,
    0x0, 0xee, 0x12, 0x20, 0x45, 0xaf, 0xfa, 0x52,
    0x7, 0xfe, 0x6f, 0xf3, 0x9c, 0xff, 0xcc, 0xc5,
    0xf, 0xce, 0x0, 0xe3, 0x6, 0xf5, 0x0, 0x0,
    0x6, 0x5e, 0x0, 0xe3, 0x9f, 0xff, 0xff, 0xe0,
    0x0, 0x5e, 0x0, 0xe4, 0xae, 0x62, 0x26, 0xe0,
    0x0, 0x5e, 0x0, 0xe3, 0xe, 0x61, 0x15, 0xe0,
    0x0, 0x5e, 0x0, 0xe5, 0x4e, 0xff, 0xff, 0xe0,
    0x0, 0x5e, 0x0, 0xee, 0x7e, 0x50, 0x4, 0xe0,
    0x0, 0x5e, 0x0, 0xdb, 0xe, 0xee, 0xee, 0xe0,
    0x0, 0x5e, 0x0, 0x10, 0xe, 0x73, 0x36, 0xe0,

    /* U+50CF "å" */
    0x0, 0x0, 0x0, 0x0, 0x0, 0x0, 0x0, 0x0,
    0x0, 0x1, 0xd2, 0x3, 0xe1, 0x0, 0x0, 0x0,
    0x0, 0x7, 0xd0, 0x5f, 0xff, 0xff, 0x60, 0x0,
    0x0, 0xd, 0x89, 0xf7, 0x0, 0x6e, 0x10, 0x0,
    0x0, 0x5f, 0x3e, 0xff, 0xff, 0xff, 0xff, 0x40,
    0x0, 0xef, 0x14, 0xe2, 0x2a, 0xa2, 0x2e, 0x40,
    0x8, 0xff, 0x14, 0xe3, 0x3e, 0x73, 0x3f, 0x40,
    0x3f, 0x8f, 0x14, 0xee, 0xff, 0xee, 0xee, 0x30,
    0x8, 0x3f, 0x10, 0x3c, 0xfa, 0x0, 0x2b, 0x30,
    0x0, 0x3f, 0x2d, 0xf9, 0x5f, 0x99, 0xf8, 0x0,
    0x0, 0x3f, 0x13, 0x5b, 0xd7, 0xf9, 0xe4, 0x0,
    0x0, 0x3f, 0x1d, 0xd7, 0x5d, 0xf3, 0x9b, 0x0,
    0x0, 0x3f, 0x12, 0x6c, 0xc3, 0xd5, 0x2f, 0x50,
    0x0, 0x3f, 0x3f, 0xb6, 0x44, 0xf3, 0x8, 0xe0,
    0x0, 0x3f, 0x10, 0x0, 0xef, 0xa0, 0x0, 0x10,

    /* U+5148 "å" */
    0x0, 0x9, 0x30, 0x7c, 0x0, 0x0, 0x0, 0x0,
    0x3, 0xf2, 0x7, 0xc0, 0x0, 0x0, 0x0, 0x0,
    0x9e, 0x33, 0x9d, 0x33, 0x33, 0x30, 0x0, 0x2f,
    0xff, 0xff, 0xff, 0xff, 0xfe, 0x0, 0xb, 0xd0,
    0x0, 0x7c, 0x0, 0x0, 0x0, 0x1, 0xe5, 0x0,
    0x7, 0xc0, 0x0, 0x0, 0x0, 0x25, 0x33, 0x33,
    0x9d, 0x33, 0x33, 0x33, 0xb, 0xff, 0xff, 0xff,
    0xff, 0xff, 0xff, 0xe0, 0x0, 0x0, 0xd8, 0x0,
    0xf5, 0x0, 0x0, 0x0, 0x0, 0xf, 0x60, 0xf,
    0x50, 0x0, 0x0, 0x0, 0x7, 0xf2, 0x0, 0xf5,
    0x0, 0x19, 0x10, 0x4, 0xfa, 0x0, 0xf, 0x50,
    0x3, 0xf1, 0x28, 0xfd, 0x10, 0x0, 0xf9, 0x44,
    0xae, 0x7, 0xf9, 0x0, 0x0, 0x9, 0xff, 0xfd,
    0x60, 0x0, 0x0, 0x0, 0x0, 0x0, 0x0, 0x0,
    0x0,

    /* U+5149 "å" */
    0x0, 0x0, 0x0, 0xe, 0x60, 0x0, 0x0, 0x0,
    0x2, 0x60, 0x0, 0xe6, 0x0, 0x9, 0x30, 0x0,
    0x8f, 0x40, 0xe, 0x60, 0x6, 0xf2, 0x0, 0x0,
    0xce, 0x10, 0xe6, 0x3, 0xf7, 0x0, 0x0, 0x1,
    0xe4, 0xe, 0x60, 0x79, 0x0, 0x0, 0x12, 0x22,
    0x22, 0xe7, 0x22, 0x22, 0x20, 0xe, 0xff, 0xff,
    0xff, 0xff, 0xff, 0xff, 0x70, 0x1, 0x11, 0xe7,
    0x17, 0xe1, 0x11, 0x10, 0x0, 0x0, 0x2f, 0x20,
    0x6e, 0x0, 0x0, 0x0, 0x0, 0x8, 0xe0, 0x6,
    0xe0, 0x0, 0x0, 0x0, 0x2, 0xf6, 0x0, 0x6e,
    0x0, 0x0, 0x0, 0x2, 0xec, 0x0, 0x6, 0xe0,
    0x0, 0x79, 0x6, 0xed, 0x10, 0x0, 0x6f, 0x53,
    0x3c, 0xb2, 0xe8, 0x0, 0x0, 0x2, 0xcf, 0xff,
    0xe5, 0x0, 0x0, 0x0, 0x0, 0x0, 0x0, 0x0,
    0x0,

    /* U+5165 "å¥" */
    0x0, 0x0, 0x0, 0x86, 0x0, 0x0, 0x0, 0x0,
    0x0, 0x0, 0x0, 0xae, 0x10, 0x0, 0x0, 0x0,
    0x0, 0x0, 0x0, 0x1e, 0x90, 0x0, 0x0, 0x0,
    0x0, 0x0, 0x0, 0xa, 0xf1, 0x0, 0x0, 0x0,
    0x0, 0x0, 0x0, 0xf, 0xf7, 0x0, 0x0, 0x0,
    0x0, 0x0, 0x0, 0x6f, 0x9e, 0x0, 0x0, 0x0,
    0x0, 0x0, 0x0, 0xd9, 0x2f, 0x40, 0x0, 0x0,
    0x0, 0x0, 0x4, 0xf2, 0xb, 0xa0, 0x0, 0x0,
    0x0, 0x0, 0xd, 0xa0, 0x4, 0xf2, 0x0, 0x0,
    0x0, 0x0, 0x8f, 0x10, 0x0, 0xda, 0x0, 0x0,
    0x0, 0x5, 0xf6, 0x0, 0x0, 0x5f, 0x40, 0x0,
    0x0, 0x4f, 0x90, 0x0, 0x0, 0xb, 0xf3, 0x0,
    0x6, 0xfb, 0x0, 0x0, 0x0, 0x1, 0xde, 0x40,
    0xf, 0x90, 0x0, 0x0, 0x0, 0x0, 0x1c, 0xf1,
    0x2, 0x0, 0x0, 0x0, 0x0, 0x0, 0x0, 0x20,

    /* U+5185 "å" */
    0x0, 0x0, 0x0, 0xe5, 0x0, 0x0, 0x0, 0x0,
    0x0, 0x0, 0xe5, 0x0, 0x0, 0x0, 0x3, 0x33,
    0x33, 0xe7, 0x33, 0x33, 0x30, 0x2f, 0xff, 0xff,
    0xff, 0xff, 0xff, 0xf3, 0x2f, 0x20, 0x0, 0xf3,
    0x0, 0x1, 0xf3, 0x2f, 0x20, 0x3, 0xf3, 0x0,
    0x1, 0xf3, 0x2f, 0x20, 0x9, 0xee, 0x40, 0x1,
    0xf3, 0x2f, 0x20, 0x2f, 0x46, 0xf6, 0x1, 0xf3,
    0x2f, 0x21, 0xda, 0x0, 0x5f, 0x51, 0xf3, 0x2f,
    0x3d, 0xd1, 0x0, 0x7, 0xf4, 0xf3, 0x2f, 0x4c,
    0x10, 0x0, 0x0, 0x61, 0xf3, 0x2f, 0x20, 0x0,
    0x0, 0x0, 0x1, 0xf3, 0x2f, 0x20, 0x0, 0x0,
    0x27, 0x67, 0xf2, 0x2f, 0x20, 0x0, 0x0, 0x1c,
    0xef, 0xa0, 0x2, 0x0, 0x0, 0x0, 0x0, 0x0,
    0x0,

    /* U+518D "å" */
    0x8, 0xff, 0xff, 0xff, 0xff, 0xff, 0xff, 0xd0,
    0x1, 0x33, 0x33, 0x39, 0xd3, 0x33, 0x33, 0x20,
    0x0, 0x24, 0x44, 0x4a, 0xd4, 0x44, 0x43, 0x0,
    0x0, 0x8f, 0xee, 0xef, 0xfe, 0xee, 0xfc, 0x0,
    0x0, 0x8b, 0x0, 0x8, 0xc0, 0x0, 0x7c, 0x0,
    0x0, 0x8c, 0x44, 0x4a, 0xd4, 0x44, 0x9c, 0x0,
    0x0, 0x8f, 0xdd, 0xde, 0xfd, 0xdd, 0xec, 0x0,
    0x0, 0x8b, 0x0, 0x8, 0xc0, 0x0, 0x7c, 0x0,
    0x1d, 0xef, 0xdd, 0xde, 0xfd, 0xdd, 0xef, 0xd5,
    0x5, 0xad, 0x55, 0x55, 0x55, 0x55, 0xad, 0x52,
    0x0, 0x8b, 0x0, 0x0, 0x0, 0x0, 0x7c, 0x0,
    0x0, 0x8b, 0x0, 0x0, 0x2, 0x53, 0xac, 0x0,
    0x0, 0x8b, 0x0, 0x0, 0x2, 0xdf, 0xe6, 0x0,

    /* U+51FA "åº" */
    0x0, 0x0, 0x0, 0xe5, 0x0, 0x0, 0x0, 0x6,
    0x40, 0x0, 0xe5, 0x0, 0x8, 0x20, 0xb, 0x80,
    0x0, 0xe5, 0x0, 0xe, 0x50, 0xb, 0x80, 0x0,
    0xe5, 0x0, 0xe, 0x50, 0xb, 0x80, 0x0, 0xe5,
    0x0, 0xe, 0x50, 0xb, 0xda, 0xaa, 0xfc, 0xaa,
    0xaf, 0x50, 0x5, 0x88, 0x88, 0xfa, 0x88, 0x8e,
    0x50, 0x39, 0x0, 0x0, 0xe5, 0x0, 0x2, 0xa0,
    0x5f, 0x0, 0x0, 0xe5, 0x0, 0x3, 0xf0, 0x5f,
    0x0, 0x0, 0xe5, 0x0, 0x3, 0xf0, 0x5f, 0x0,
    0x0, 0xe5, 0x0, 0x3, 0xf0, 0x5f, 0x0, 0x0,
    0xe5, 0x0, 0x3, 0xf0, 0x5f, 0x33, 0x33, 0xe7,
    0x33, 0x36, 0xf0, 0x4f, 0xff, 0xff, 0xff, 0xff,
    0xff, 0xf0,

    /* U+51FB "å»" */
    0x0, 0x0, 0x0, 0x9b, 0x0, 0x0, 0x0, 0x0,
    0x0, 0x0, 0x9b, 0x0, 0x0, 0x0, 0x9, 0xdd,
    0xdd, 0xef, 0xdd, 0xdd, 0xd0, 0x3, 0x55, 0x55,
    0xbc, 0x55, 0x55, 0x50, 0x0, 0x0, 0x0, 0x9b,
    0x0, 0x0, 0x0, 0x0, 0x0, 0x0, 0x9b, 0x0,
    0x0, 0x0, 0xff, 0xff, 0xff, 0xff, 0xff, 0xff,
    0xff, 0x33, 0x33, 0x33, 0xac, 0x33, 0x33, 0x33,
    0x6, 0xe0, 0x0, 0x9b, 0x0, 0x8, 0xc0, 0x6,
    0xe0, 0x0, 0x9b, 0x0, 0x8, 0xc0, 0x6, 0xe0,
    0x0, 0x9b, 0x0, 0x8, 0xc0, 0x6, 0xe0, 0x0,
    0x9b, 0x0, 0x8, 0xc0, 0x6, 0xfe, 0xee, 0xff,
    0xee, 0xef, 0xc0, 0x1, 0x44, 0x44, 0x44, 0x44,
    0x4a, 0xc0,

    /* U+522B "å«" */
    0x0, 0x0, 0x0, 0x0, 0x0, 0x0, 0x5e, 0xf,
    0xff, 0xff, 0xf5, 0x0, 0x10, 0x5e, 0xf, 0x73,
    0x33, 0xe5, 0x5, 0xf0, 0x5e, 0xf, 0x50, 0x0,
    0xe5, 0x5, 0xf0, 0x5e, 0xf, 0xcb, 0xbb, 0xf5,
    0x5, 0xf0, 0x5e, 0x6, 0x77, 0x77, 0x72, 0x5,
    0xf0, 0x5e, 0x0, 0x1f, 0x10, 0x0, 0x5, 0xf0,
    0x5e, 0x58, 0x8f, 0x88, 0x85, 0x5, 0xf0, 0x5e,
    0x7a, 0xbf, 0xaa, 0xe9, 0x5, 0xf0, 0x5e, 0x0,
    0x4d, 0x0, 0xb9, 0x5, 0xf0, 0x5e, 0x0, 0x9a,
    0x0, 0xc8, 0x4, 0xe0, 0x5e, 0x2, 0xf4, 0x0,
    0xd7, 0x0, 0x0, 0x5e, 0x3d, 0xa0, 0x55, 0xf5,
    0x0, 0x43, 0x8e, 0x99, 0x0, 0xdf, 0xb0, 0x0,
    0xce, 0xf8, 0x0, 0x0, 0x0, 0x0, 0x0, 0x0,
    0x0,

    /* U+5230 "å°" */
    0x0, 0x0, 0x0, 0x0, 0x0, 0x0, 0xe, 0x50,
    0xff, 0xff, 0xff, 0xfe, 0x1, 0x0, 0xe5, 0x3,
    0x39, 0xe3, 0x33, 0x20, 0xf4, 0xe, 0x50, 0x0,
    0xe8, 0x1d, 0x20, 0xf, 0x40, 0xe5, 0x0, 0x9e,
    0x10, 0xbb, 0x0, 0xf4, 0xe, 0x50, 0x5f, 0x85,
    0x8c, 0xf2, 0xf, 0x40, 0xe5, 0xa, 0xff, 0xda,
    0x7d, 0x90, 0xf4, 0xe, 0x50, 0x11, 0x6, 0x30,
    0x43, 0xf, 0x40, 0xe5, 0x0, 0x0, 0xd7, 0x0,
    0x0, 0xf4, 0xe, 0x50, 0x8b, 0xbf, 0xdb, 0xb4,
    0xf, 0x40, 0xe5, 0x4, 0x66, 0xea, 0x66, 0x20,
    0xf3, 0xe, 0x50, 0x0, 0xd, 0x71, 0x45, 0x0,
    0x0, 0xe5, 0x19, 0xac, 0xff, 0xec, 0x90, 0x15,
    0x4f, 0x40, 0x98, 0x53, 0x0, 0x0, 0x1, 0xef,
    0xd1,

    /* U+5236 "å¶" */
    0x0, 0x44, 0x4f, 0x0, 0x0, 0x0, 0x4, 0xd0,
    0xb, 0x96, 0xf2, 0x22, 0x0, 0x10, 0x5e, 0x2,
    0xff, 0xff, 0xff, 0xf0, 0x3f, 0x5, 0xe0, 0xbb,
    0x4, 0xf0, 0x0, 0x3, 0xf0, 0x5e, 0xd, 0x84,
    0x7f, 0x44, 0x42, 0x3f, 0x5, 0xe1, 0xee, 0xee,
    0xfe, 0xee, 0x83, 0xf0, 0x5e, 0x0, 0x0, 0x4f,
    0x0, 0x0, 0x3f, 0x5, 0xe0, 0x37, 0x79, 0xf7,
    0x77, 0x13, 0xf0, 0x5e, 0x6, 0xfb, 0xcf, 0xbb,
    0xf3, 0x3f, 0x5, 0xe0, 0x6d, 0x4, 0xf0, 0xf,
    0x33, 0xf0, 0x5e, 0x6, 0xd0, 0x4f, 0x0, 0xf3,
    0x3f, 0x5, 0xe0, 0x6d, 0x4, 0xf0, 0xf, 0x30,
    0x0, 0x5e, 0x6, 0xd0, 0x4f, 0x8f, 0xe1, 0x2,
    0x28, 0xe0, 0x1, 0x4, 0xf0, 0x20, 0x0, 0xce,
    0xf8,

    /* U+5237 "å·" */
    0x0, 0x0, 0x0, 0x0, 0x0, 0x0, 0x6, 0xd0,
    0xe, 0xff, 0xff, 0xff, 0x90, 0x10, 0x6d, 0x0,
    0xe7, 0x33, 0x33, 0xb9, 0x2f, 0x16, 0xd0, 0xe,
    0x96, 0x66, 0x6d, 0x92, 0xf1, 0x6d, 0x0, 0xea,
    0x77, 0xa8, 0x74, 0x2f, 0x16, 0xd0, 0xe, 0x40,
    0xf, 0x40, 0x2, 0xf1, 0x6d, 0x0, 0xe7, 0xaa,
    0xfc, 0xa9, 0x2f, 0x16, 0xd0, 0xf, 0x7f, 0xaf,
    0xbc, 0xd2, 0xf1, 0x6d, 0x1, 0xf5, 0xe0, 0xf4,
    0x6d, 0x2f, 0x16, 0xd0, 0x4c, 0x5e, 0xf, 0x46,
    0xd2, 0xf1, 0x6d, 0x9, 0x85, 0xe0, 0xf4, 0x6d,
    0x2f, 0x16, 0xd0, 0xe3, 0x5e, 0xf, 0x58, 0xd0,
    0x0, 0x6d, 0x6c, 0x5, 0xe0, 0xfb, 0xf7, 0x1,
    0x29, 0xd0, 0x0, 0x12, 0xf, 0x40, 0x0, 0xce,
    0xf7,

    /* U+524D "å" */
    0x0, 0x0, 0x10, 0x0, 0x0, 0x0, 0x0, 0x0,
    0xb, 0xb0, 0x0, 0x8, 0xe1, 0x0, 0x0, 0x2,
    0xc1, 0x0, 0x2f, 0x60, 0x0, 0xcd, 0xdd, 0xdd,
    0xdd, 0xef, 0xdd, 0xdd, 0x44, 0x44, 0x44, 0x44,
    0x44, 0x44, 0x54, 0x6, 0x66, 0x66, 0x40, 0x0,
    0x1, 0xf2, 0x1f, 0xdd, 0xde, 0xb0, 0x3e, 0x1,
    0xf2, 0x1f, 0x10, 0x7, 0xb0, 0x4f, 0x1, 0xf2,
    0x1f, 0xaa, 0xac, 0xb0, 0x4f, 0x1, 0xf2, 0x1f,
    0x76, 0x6a, 0xb0, 0x4f, 0x1, 0xf2, 0x1f, 0x21,
    0x17, 0xb0, 0x4f, 0x1, 0xf2, 0x1f, 0xff, 0xff,
    0xb0, 0x4f, 0x1, 0xf2, 0x1f, 0x10, 0x7, 0xb0,
    0x3b, 0x1, 0xf2, 0x1f, 0x11, 0x39, 0xa0, 0x1,
    0x45, 0xf1, 0x1f, 0x13, 0xff, 0x50, 0x2, 0xef,
    0xc0, 0x2, 0x0, 0x0, 0x0, 0x0, 0x0, 0x0,

    /* U+52A1 "å¡" */
    0x0, 0x0, 0x4a, 0x0, 0x0, 0x0, 0x0, 0x0,
    0x0, 0xd, 0xd5, 0x55, 0x55, 0x53, 0x0, 0x0,
    0x8, 0xfc, 0xcc, 0xcc, 0xcf, 0x80, 0x0, 0x7,
    0xff, 0x80, 0x0, 0xb, 0xd1, 0x0, 0x0, 0x85,
    0x4e, 0xd5, 0x5d, 0xc1, 0x0, 0x0, 0x0, 0x0,
    0x4e, 0xff, 0xe3, 0x0, 0x0, 0x7, 0x9c, 0xff,
    0xb5, 0x6c, 0xff, 0xc9, 0x50, 0xba, 0x74, 0x1,
    0x10, 0x0, 0x47, 0xa5, 0x0, 0x0, 0x0, 0xaa,
    0x0, 0x0, 0x0, 0x0, 0xe, 0xff, 0xff, 0xff,
    0xff, 0xff, 0x40, 0x0, 0x23, 0x38, 0xf3, 0x33,
    0x33, 0xf3, 0x0, 0x0, 0x5, 0xf7, 0x0, 0x0,
    0x2f, 0x20, 0x2, 0x7d, 0xf7, 0x0, 0x34, 0x39,
    0xf0, 0x0, 0x7d, 0x81, 0x0, 0x7, 0xef, 0xe7,
    0x0, 0x0, 0x0, 0x0, 0x0, 0x0, 0x0, 0x0,
    0x0,

    /* U+52A8 "å¨" */
    0x0, 0x0, 0x0, 0x0, 0x2, 0xf2, 0x0, 0x0,
    0x8f, 0xff, 0xfb, 0x0, 0x2f, 0x20, 0x0, 0x1,
    0x22, 0x22, 0x20, 0x46, 0xf6, 0x44, 0x30, 0x0,
    0x0, 0x0, 0xf, 0xff, 0xff, 0xfd, 0x3, 0x33,
    0x33, 0x30, 0x2, 0xf1, 0x5, 0xc1, 0xff, 0xff,
    0xff, 0x40, 0x3f, 0x0, 0x6c, 0x0, 0xf, 0x50,
    0x0, 0x4, 0xf0, 0x6, 0xc0, 0x5, 0xf0, 0x1,
    0x0, 0x7d, 0x0, 0x6b, 0x0, 0xb9, 0x9, 0xa0,
    0xa, 0xa0, 0x7, 0xb0, 0x2f, 0x20, 0x3f, 0x20,
    0xe6, 0x0, 0x8a, 0xb, 0x91, 0x49, 0xf7, 0x5f,
    0x10, 0x9, 0x91, 0xff, 0xfc, 0x89, 0xad, 0xa0,
    0x0, 0xb8, 0x3, 0x20, 0x0, 0x9, 0xf1, 0x15,
    0x4e, 0x60, 0x0, 0x0, 0x2, 0xe4, 0x1, 0xdf,
    0xc0, 0x0, 0x0, 0x0, 0x1, 0x0, 0x0, 0x0,
    0x0,

    /* U+533A "åº" */
    0x5f, 0xff, 0xff, 0xff, 0xff, 0xff, 0xf6, 0x5e,
    0x33, 0x33, 0x33, 0x33, 0x33, 0x31, 0x5e, 0x3,
    0x60, 0x0, 0x1, 0xc3, 0x0, 0x5e, 0x4, 0xf9,
    0x0, 0xb, 0xd0, 0x0, 0x5e, 0x0, 0x3e, 0xb0,
    0x7f, 0x30, 0x0, 0x5e, 0x0, 0x2, 0xdd, 0xf7,
    0x0, 0x0, 0x5e, 0x0, 0x0, 0x3f, 0xf2, 0x0,
    0x0, 0x5e, 0x0, 0x2, 0xec, 0xcd, 0x10, 0x0,
    0x5e, 0x0, 0x4e, 0xc0, 0x1d, 0xd1, 0x0, 0x5e,
    0x7, 0xfa, 0x0, 0x1, 0xec, 0x0, 0x5e, 0x7,
    0x60, 0x0, 0x0, 0x24, 0x0, 0x5f, 0x33, 0x33,
    0x33, 0x33, 0x33, 0x33, 0x5f, 0xff, 0xff, 0xff,
    0xff, 0xff, 0xfe,

    /* U+5355 "å" */
    0x0, 0x0, 0x10, 0x0, 0x1, 0x10, 0x0, 0x0,
    0x7, 0xd0, 0x0, 0x8, 0xd0, 0x0, 0x0, 0x0,
    0x92, 0x0, 0x1f, 0x50, 0x0, 0x6, 0xee, 0xee,
    0xee, 0xff, 0xee, 0x50, 0x7, 0xd4, 0x44, 0xcb,
    0x44, 0x4e, 0x60, 0x7, 0xd0, 0x0, 0xba, 0x0,
    0xe, 0x60, 0x7, 0xff, 0xff, 0xff, 0xff, 0xff,
    0x60, 0x7, 0xd3, 0x33, 0xcb, 0x33, 0x3e, 0x60,
    0x7, 0xd1, 0x11, 0xba, 0x11, 0x1e, 0x60, 0x7,
    0xff, 0xff, 0xff, 0xff, 0xff, 0x60, 0x0, 0x22,
    0x22, 0xba, 0x22, 0x22, 0x0, 0x33, 0x33, 0x33,
    0xcb, 0x33, 0x33, 0x33, 0xde, 0xee, 0xee, 0xff,
    0xee, 0xee, 0xec, 0x0, 0x0, 0x0, 0xba, 0x0,
    0x0, 0x0, 0x0, 0x0, 0x0, 0xba, 0x0, 0x0,
    0x0,

    /* U+5361 "å¡" */
    0x0, 0x0, 0x0, 0xf5, 0x0, 0x0, 0x0, 0x0,
    0x0, 0x0, 0xf5, 0x0, 0x0, 0x0, 0x0, 0x0,
    0x0, 0xff, 0xff, 0xff, 0x30, 0x0, 0x0, 0x0,
    0xf7, 0x33, 0x33, 0x0, 0x0, 0x0, 0x0, 0xf5,
    0x0, 0x0, 0x0, 0xbe, 0xee, 0xee, 0xfe, 0xee,
    0xee, 0xed, 0x45, 0x55, 0x55, 0x86, 0x55, 0x55,
    0x55, 0x0, 0x0, 0x0, 0xf5, 0x0, 0x0, 0x0,
    0x0, 0x0, 0x0, 0xf9, 0x0, 0x0, 0x0, 0x0,
    0x0, 0x0, 0xff, 0xe7, 0x0, 0x0, 0x0, 0x0,
    0x0, 0xf5, 0x6e, 0xe7, 0x0, 0x0, 0x0, 0x0,
    0xf5, 0x0, 0x8e, 0x10, 0x0, 0x0, 0x0, 0xf5,
    0x0, 0x0, 0x0, 0x0, 0x0, 0x0, 0xf5, 0x0,
    0x0, 0x0,

    /* U+53D1 "å" */
    0x0, 0x0, 0x0, 0x2b, 0x0, 0x23, 0x0, 0x0,
    0x1, 0xd2, 0x6, 0xe0, 0x7, 0xf4, 0x0, 0x0,
    0x8d, 0x0, 0x9a, 0x0, 0x7, 0xf1, 0x0, 0xe,
    0x82, 0x2d, 0x82, 0x22, 0x24, 0x20, 0x0, 0xff,
    0xff, 0xff, 0xff, 0xff, 0xff, 0x50, 0x1, 0x22,
    0x8d, 0x22, 0x22, 0x22, 0x20, 0x0, 0x0, 0xd,
    0x92, 0x22, 0x22, 0x21, 0x0, 0x0, 0x6, 0xff,
    0xff, 0xff, 0xff, 0x70, 0x0, 0x1, 0xed, 0xe2,
    0x11, 0x17, 0xf1, 0x0, 0x0, 0xce, 0x1b, 0xc1,
    0x3, 0xf7, 0x0, 0x0, 0xaf, 0x30, 0x1c, 0xd6,
    0xf9, 0x0, 0x0, 0xaf, 0x40, 0x0, 0x2f, 0xfd,
    0x10, 0x0, 0x1c, 0x30, 0x15, 0xbf, 0xc7, 0xef,
    0x82, 0x0, 0x0, 0x6f, 0xfa, 0x40, 0x0, 0x6d,
    0xf8, 0x0, 0x0, 0x40, 0x0, 0x0, 0x0, 0x3,
    0x10,

    /* U+53D6 "å" */
    0xf, 0xff, 0xff, 0xff, 0xbf, 0xff, 0xff, 0xa0,
    0x3, 0xf5, 0x33, 0xf7, 0x2d, 0x63, 0x3c, 0x80,
    0x1, 0xf5, 0x22, 0xf5, 0xa, 0x60, 0xe, 0x60,
    0x1, 0xff, 0xff, 0xf5, 0x8, 0x90, 0x1f, 0x20,
    0x1, 0xf3, 0x0, 0xf5, 0x5, 0xc0, 0x4f, 0x0,
    0x1, 0xf4, 0x22, 0xf5, 0x1, 0xf1, 0x9b, 0x0,
    0x1, 0xff, 0xff, 0xf5, 0x0, 0xc6, 0xe6, 0x0,
    0x1, 0xf3, 0x0, 0xf5, 0x0, 0x7e, 0xe0, 0x0,
    0x1, 0xf3, 0x0, 0xf6, 0x0, 0x1f, 0x90, 0x0,
    0x6, 0xfa, 0xbd, 0xff, 0x50, 0x8f, 0xe1, 0x0,
    0xc, 0xa8, 0x64, 0xf5, 0x5, 0xf4, 0xcc, 0x0,
    0x0, 0x0, 0x0, 0xf5, 0x8f, 0x50, 0x1d, 0xc0,
    0x0, 0x0, 0x0, 0xf5, 0x73, 0x0, 0x1, 0xa0,

    /* U+53EF "å¯" */
    0x1, 0x11, 0x11, 0x11, 0x11, 0x11, 0x11, 0x10,
    0x3f, 0xff, 0xff, 0xff, 0xff, 0xff, 0xff, 0xf4,
    0x2, 0x22, 0x22, 0x22, 0x22, 0x27, 0xe2, 0x20,
    0x0, 0x0, 0x0, 0x0, 0x0, 0x6, 0xe0, 0x0,
    0x0, 0x13, 0x33, 0x33, 0x20, 0x6, 0xe0, 0x0,
    0x0, 0x7f, 0xff, 0xff, 0x90, 0x6, 0xe0, 0x0,
    0x0, 0x7d, 0x0, 0xb, 0x90, 0x6, 0xe0, 0x0,
    0x0, 0x7d, 0x0, 0xb, 0x90, 0x6, 0xe0, 0x0,
    0x0, 0x7d, 0x22, 0x2b, 0x90, 0x6, 0xe0, 0x0,
    0x0, 0x7f, 0xff, 0xff, 0x90, 0x6, 0xe0, 0x0,
    0x0, 0x7d, 0x11, 0x11, 0x0, 0x6, 0xe0, 0x0,
    0x0, 0x1, 0x0, 0x0, 0x0, 0x6, 0xe0, 0x0,
    0x0, 0x0, 0x0, 0x0, 0x3, 0x39, 0xd0, 0x0,
    0x0, 0x0, 0x0, 0x0, 0x9, 0xfe, 0x60, 0x0,

    /* U+53F0 "å°" */
    0x0, 0x0, 0x0, 0x0, 0x0, 0x0, 0x0, 0x0,
    0x0, 0xc, 0x80, 0x0, 0x0, 0x0, 0x0, 0x0,
    0x7f, 0x20, 0x0, 0x10, 0x0, 0x0, 0x4, 0xf5,
    0x0, 0x9, 0xd1, 0x0, 0x0, 0x4f, 0x90, 0x0,
    0x0, 0xcd, 0x10, 0x7, 0xf9, 0x0, 0x2, 0x46,
    0x9f, 0xb0, 0x5f, 0xfd, 0xef, 0xff, 0xec, 0xa8,
    0xf6, 0x6, 0x55, 0x43, 0x20, 0x0, 0x0, 0x52,
    0x0, 0x22, 0x22, 0x22, 0x22, 0x22, 0x0, 0x5,
    0xff, 0xff, 0xff, 0xff, 0xff, 0x50, 0x5, 0xe0,
    0x0, 0x0, 0x0, 0xe, 0x50, 0x5, 0xe0, 0x0,
    0x0, 0x0, 0xe, 0x50, 0x5, 0xe0, 0x0, 0x0,
    0x0, 0xe, 0x50, 0x5, 0xff, 0xff, 0xff, 0xff,
    0xff, 0x50, 0x5, 0xe2, 0x22, 0x22, 0x22, 0x2e,
    0x50,

    /* U+53F7 "å·" */
    0x0, 0x6f, 0xff, 0xff, 0xff, 0xff, 0xf0, 0x0,
    0x0, 0x6e, 0x33, 0x33, 0x33, 0x36, 0xf0, 0x0,
    0x0, 0x6e, 0x33, 0x33, 0x33, 0x36, 0xf0, 0x0,
    0x0, 0x5f, 0xff, 0xff, 0xff, 0xff, 0xf0, 0x0,
    0x0, 0x0, 0x0, 0x0, 0x0, 0x0, 0x0, 0x0,
    0x2f, 0xff, 0xff, 0xff, 0xff, 0xff, 0xff, 0xf2,
    0x3, 0x38, 0xf3, 0x33, 0x33, 0x33, 0x33, 0x30,
    0x0, 0x9, 0xb0, 0x0, 0x0, 0x0, 0x0, 0x0,
    0x0, 0xe, 0xff, 0xff, 0xff, 0xff, 0xf5, 0x0,
    0x0, 0x3, 0x33, 0x33, 0x33, 0x34, 0xf4, 0x0,
    0x0, 0x0, 0x0, 0x0, 0x0, 0x2, 0xf2, 0x0,
    0x0, 0x0, 0x0, 0x1, 0x43, 0x38, 0xf0, 0x0,
    0x0, 0x0, 0x0, 0x4, 0xff, 0xff, 0x60, 0x0,
    0x0, 0x0, 0x0, 0x0, 0x0, 0x0, 0x0, 0x0,

    /* U+540E "å" */
    0x0, 0x0, 0x0, 0x12, 0x35, 0x78, 0xa8, 0x0,
    0x7, 0xef, 0xff, 0xfe, 0xdb, 0xa8, 0x60, 0x0,
    0x8d, 0x32, 0x10, 0x0, 0x0, 0x0, 0x0, 0x8,
    0xc0, 0x0, 0x0, 0x0, 0x0, 0x0, 0x0, 0x9f,
    0xff, 0xff, 0xff, 0xff, 0xff, 0xc0, 0x9, 0xd3,
    0x33, 0x33, 0x33, 0x33, 0x33, 0x0, 0x9b, 0x0,
    0x0, 0x0, 0x0, 0x0, 0x0, 0xa, 0xb0, 0x33,
    0x33, 0x33, 0x33, 0x30, 0x0, 0xba, 0xf, 0xff,
    0xff, 0xff, 0xfe, 0x0, 0xc, 0x90, 0xf4, 0x0,
    0x0, 0x5, 0xe0, 0x0, 0xf6, 0xf, 0x40, 0x0,
    0x0, 0x5e, 0x0, 0x4f, 0x20, 0xf4, 0x0, 0x0,
    0x5, 0xe0, 0xc, 0xb0, 0xf, 0xff, 0xff, 0xff,
    0xfe, 0x1, 0xc2, 0x0, 0xf7, 0x33, 0x33, 0x37,
    0xe0, 0x0, 0x0, 0x0, 0x0, 0x0, 0x0, 0x0,
    0x0,

    /* U+542F "å¯" */
    0x0, 0x0, 0x0, 0x5, 0xa0, 0x0, 0x0, 0x0,
    0x0, 0x33, 0x33, 0x7f, 0x43, 0x33, 0x30, 0x0,
    0x2f, 0xff, 0xff, 0xff, 0xff, 0xff, 0x10, 0x2,
    0xf2, 0x0, 0x0, 0x0, 0x3, 0xf1, 0x0, 0x2f,
    0x20, 0x0, 0x0, 0x0, 0x3f, 0x10, 0x2, 0xf6,
    0x55, 0x55, 0x55, 0x57, 0xf1, 0x0, 0x2f, 0xdd,
    0xdd, 0xdd, 0xdd, 0xdd, 0x0, 0x3, 0xf1, 0x0,
    0x0, 0x0, 0x0, 0x0, 0x0, 0x4f, 0x5, 0x55,
    0x55, 0x55, 0x55, 0x20, 0x7, 0xf0, 0xfd, 0xcc,
    0xcc, 0xcc, 0xf6, 0x0, 0xbb, 0xf, 0x50, 0x0,
    0x0, 0xe, 0x60, 0x1f, 0x60, 0xf5, 0x0, 0x0,
    0x0, 0xe6, 0xb, 0xd0, 0xf, 0xff, 0xff, 0xff,
    0xff, 0x61, 0xc2, 0x0, 0xf7, 0x33, 0x33, 0x33,
    0xe6, 0x0, 0x0, 0x0, 0x0, 0x0, 0x0, 0x0,
    0x0,

    /* U+547D "å½" */
    0x0, 0x0, 0x0, 0x8, 0xb0, 0x0, 0x0, 0x0,
    0x0, 0x0, 0x1, 0xae, 0xfa, 0x10, 0x0, 0x0,
    0x0, 0x0, 0x5e, 0xb1, 0x2c, 0xe6, 0x0, 0x0,
    0x0, 0x5c, 0xf6, 0x0, 0x0, 0x7f, 0xd6, 0x0,
    0x1d, 0xf9, 0x54, 0x44, 0x44, 0x46, 0x9f, 0xf1,
    0x5, 0x10, 0xdd, 0xdd, 0xdd, 0xdd, 0x1, 0x50,
    0x0, 0x0, 0x0, 0x0, 0x0, 0x0, 0x0, 0x0,
    0x0, 0xff, 0xff, 0xe0, 0x5f, 0xff, 0xff, 0x30,
    0x0, 0xf3, 0x25, 0xe0, 0x5f, 0x33, 0x3f, 0x30,
    0x0, 0xf2, 0x4, 0xe0, 0x5f, 0x0, 0x1f, 0x30,
    0x0, 0xf2, 0x4, 0xe0, 0x5f, 0x0, 0x1f, 0x30,
    0x0, 0xf9, 0x9a, 0xe0, 0x5f, 0x6, 0x8f, 0x20,
    0x0, 0xfa, 0xab, 0xe0, 0x5f, 0xd, 0xea, 0x0,
    0x0, 0x81, 0x0, 0x20, 0x5f, 0x0, 0x0, 0x0,

    /* U+548C "å" */
    0x0, 0x0, 0x0, 0x1, 0x0, 0x0, 0x0, 0x0,
    0x3, 0x58, 0xcf, 0xa0, 0x0, 0x0, 0x0, 0x2f,
    0xfd, 0xf9, 0x30, 0xd, 0xdd, 0xdd, 0xb0, 0x30,
    0xf, 0x40, 0x1, 0xf5, 0x44, 0x8d, 0x0, 0x0,
    0xf4, 0x0, 0x1f, 0x20, 0x5, 0xd1, 0xdd, 0xdf,
    0xed, 0xc1, 0xf2, 0x0, 0x5d, 0x5, 0x58, 0xf8,
    0x55, 0x1f, 0x20, 0x5, 0xd0, 0x0, 0x9f, 0xd1,
    0x1, 0xf2, 0x0, 0x5d, 0x0, 0x2f, 0xfc, 0xe2,
    0x1f, 0x20, 0x5, 0xd0, 0xb, 0x8f, 0x4a, 0xd1,
    0xf2, 0x0, 0x5d, 0x7, 0xe0, 0xf4, 0x4, 0x1f,
    0x20, 0x5, 0xd3, 0xf3, 0xf, 0x40, 0x1, 0xf2,
    0x0, 0x5d, 0x4, 0x0, 0xf4, 0x0, 0x1f, 0xdd,
    0xde, 0xd0, 0x0, 0xf, 0x40, 0x1, 0xf5, 0x44,
    0x8d, 0x0, 0x0, 0xf4, 0x0, 0x6, 0x0, 0x1,
    0x40,

    /* U+56DE "å" */
    0x1, 0x11, 0x11, 0x11, 0x11, 0x11, 0x10, 0x4f,
    0xff, 0xff, 0xff, 0xff, 0xff, 0xf5, 0x4f, 0x22,
    0x22, 0x22, 0x22, 0x22, 0xf5, 0x4f, 0x0, 0x0,
    0x0, 0x0, 0x0, 0xf5, 0x4f, 0x0, 0xef, 0xff,
    0xfe, 0x0, 0xf5, 0x4f, 0x0, 0xf7, 0x33, 0x7f,
    0x0, 0xf5, 0x4f, 0x0, 0xf5, 0x0, 0x5f, 0x0,
    0xf5, 0x4f, 0x0, 0xf5, 0x0, 0x5f, 0x0, 0xf5,
    0x4f, 0x0, 0xf5, 0x0, 0x5f, 0x0, 0xf5, 0x4f,
    0x0, 0xff, 0xff, 0xff, 0x0, 0xf5, 0x4f, 0x0,
    0x23, 0x33, 0x32, 0x0, 0xf5, 0x4f, 0x0, 0x0,
    0x0, 0x0, 0x0, 0xf5, 0x4f, 0xff, 0xff, 0xff,
    0xff, 0xff, 0xf5, 0x4f, 0x33, 0x33, 0x33, 0x33,
    0x33, 0xf5,

    /* U+5728 "å¨" */
    0x0, 0x0, 0x0, 0xd4, 0x0, 0x0, 0x0, 0x0,
    0x0, 0x0, 0x5f, 0x10, 0x0, 0x0, 0x0, 0xf,
    0xff, 0xff, 0xff, 0xff, 0xff, 0xff, 0xf0, 0x33,
    0x38, 0xf4, 0x33, 0x33, 0x33, 0x33, 0x0, 0x1,
    0xe9, 0x0, 0xb, 0x60, 0x0, 0x0, 0x3, 0xff,
    0x10, 0x0, 0xd7, 0x0, 0x0, 0x0, 0x6f, 0x60,
    0x0, 0xd, 0x70, 0x0, 0x0, 0x3f, 0xf1, 0x9f,
    0xff, 0xff, 0xff, 0xf5, 0x2e, 0xef, 0x11, 0x33,
    0x3d, 0x83, 0x33, 0x2, 0xc4, 0xf1, 0x0, 0x0,
    0xd7, 0x0, 0x0, 0x0, 0x3f, 0x10, 0x0, 0xd,
    0x70, 0x0, 0x0, 0x3, 0xf1, 0x0, 0x0, 0xd7,
    0x0, 0x0, 0x0, 0x3f, 0x23, 0x33, 0x3d, 0x93,
    0x33, 0x30, 0x3, 0xf5, 0xff, 0xff, 0xff, 0xff,
    0xfd,

    /* U+5747 "å" */
    0x0, 0x0, 0x0, 0x0, 0x30, 0x0, 0x0, 0x0,
    0x4, 0xe0, 0x0, 0x3f, 0x20, 0x0, 0x0, 0x0,
    0x4e, 0x0, 0x8, 0xf8, 0x88, 0x88, 0x60, 0x37,
    0xf3, 0x20, 0xe8, 0x66, 0x66, 0xbc, 0x1f, 0xff,
    0xfb, 0x9d, 0x2, 0x0, 0x8, 0xc0, 0x4, 0xe0,
    0x1f, 0x42, 0xf6, 0x0, 0x8c, 0x0, 0x4e, 0x0,
    0x20, 0x5, 0xf3, 0x8, 0xb0, 0x4, 0xe0, 0x0,
    0x0, 0x5, 0x0, 0x8b, 0x0, 0x4e, 0x0, 0x0,
    0x0, 0x4a, 0x29, 0xa0, 0x4, 0xf8, 0x70, 0x6a,
    0xef, 0x91, 0xa9, 0x19, 0xef, 0xa3, 0xe, 0xa5,
    0x0, 0xb, 0x81, 0xa5, 0x0, 0x0, 0x0, 0x0,
    0x0, 0xd6, 0x0, 0x0, 0x0, 0x0, 0x3, 0x43,
    0x5f, 0x20, 0x0, 0x0, 0x0, 0x0, 0x7f, 0xff,
    0x80, 0x0, 0x0, 0x0, 0x0, 0x0, 0x0, 0x0,
    0x0,

    /* U+57DF "å" */
    0x0, 0x0, 0x0, 0x0, 0x0, 0x1f, 0x11, 0x0,
    0x0, 0x5d, 0x0, 0x0, 0x0, 0x1f, 0x3e, 0x50,
    0x0, 0x5d, 0x0, 0x55, 0x55, 0x6f, 0x79, 0x72,
    0x0, 0x6d, 0x10, 0xcc, 0xcc, 0xcf, 0xdc, 0xc5,
    0xd, 0xff, 0xf8, 0x0, 0x0, 0xf, 0x30, 0x0,
    0x0, 0x5d, 0x0, 0x9f, 0xff, 0x5e, 0x50, 0xe3,
    0x0, 0x5d, 0x0, 0x98, 0x1c, 0x5c, 0x64, 0xe0,
    0x0, 0x5d, 0x0, 0x98, 0xc, 0x5b, 0x8c, 0x70,
    0x0, 0x5d, 0x0, 0x9f, 0xff, 0x58, 0xde, 0x10,
    0x0, 0x5e, 0x84, 0x11, 0x14, 0x66, 0xf7, 0x0,
    0x9, 0xee, 0x93, 0x69, 0xdf, 0xab, 0xf1, 0x33,
    0x8, 0x40, 0x3, 0xc8, 0x41, 0xbd, 0xe5, 0x87,
    0x0, 0x0, 0x0, 0x0, 0x2e, 0xd1, 0x7d, 0xc4,
    0x0, 0x0, 0x0, 0x0, 0x8, 0x0, 0xb, 0xc0,

    /* U+5907 "å¤" */
    0x0, 0x0, 0x3b, 0x0, 0x0, 0x0, 0x0, 0x0,
    0x0, 0xc, 0xd5, 0x55, 0x55, 0x54, 0x0, 0x0,
    0x6, 0xfc, 0xcc, 0xcc, 0xcf, 0xb0, 0x0, 0x5,
    0xff, 0x90, 0x0, 0xa, 0xe2, 0x0, 0x0, 0x66,
    0x3d, 0xd5, 0x6d, 0xc2, 0x0, 0x0, 0x0, 0x1,
    0x5e, 0xff, 0xe4, 0x0, 0x0, 0x8, 0xad, 0xfe,
    0x94, 0x5a, 0xff, 0xda, 0x70, 0x89, 0x63, 0x0,
    0x0, 0x0, 0x25, 0x86, 0x0, 0x4f, 0xff, 0xff,
    0xff, 0xff, 0xf3, 0x0, 0x4, 0xe2, 0x22, 0xe7,
    0x22, 0x2f, 0x30, 0x0, 0x4f, 0x33, 0x3e, 0x73,
    0x33, 0xf3, 0x0, 0x4, 0xfd, 0xdd, 0xfe, 0xdd,
    0xdf, 0x30, 0x0, 0x4e, 0x22, 0x2e, 0x62, 0x22,
    0xf3, 0x0, 0x4, 0xff, 0xff, 0xff, 0xff, 0xff,
    0x30,

    /* U+5931 "å¤±" */
    0x0, 0x0, 0x51, 0x3, 0xf0, 0x0, 0x0, 0x0,
    0x0, 0x2, 0xf2, 0x3, 0xf0, 0x0, 0x0, 0x0,
    0x0, 0x7, 0xe3, 0x35, 0xf3, 0x33, 0x33, 0x0,
    0x0, 0xe, 0xff, 0xff, 0xff, 0xff, 0xff, 0x0,
    0x0, 0x8e, 0x0, 0x3, 0xf0, 0x0, 0x0, 0x0,
    0x3, 0xf5, 0x0, 0x4, 0xf0, 0x0, 0x0, 0x0,
    0x0, 0x50, 0x0, 0x4, 0xf0, 0x0, 0x0, 0x0,
    0x5, 0xff, 0xff, 0xff, 0xff, 0xff, 0xff, 0xe0,
    0x1, 0x33, 0x33, 0x5f, 0xf8, 0x33, 0x33, 0x30,
    0x0, 0x0, 0x0, 0xad, 0x6e, 0x10, 0x0, 0x0,
    0x0, 0x0, 0xa, 0xf3, 0xb, 0xe2, 0x0, 0x0,
    0x0, 0x2, 0xcf, 0x30, 0x0, 0xbf, 0x60, 0x0,
    0x1, 0x9f, 0xc2, 0x0, 0x0, 0x7, 0xfd, 0x61,
    0xc, 0xe6, 0x0, 0x0, 0x0, 0x0, 0x2a, 0xf3,
    0x2, 0x0, 0x0, 0x0, 0x0, 0x0, 0x0, 0x10,

    /* U+5934 "å¤´" */
    0x0, 0x0, 0x10, 0x0, 0x2f, 0x10, 0x0, 0x0,
    0x0, 0x0, 0xe9, 0x10, 0x2f, 0x10, 0x0, 0x0,
    0x0, 0x0, 0x3d, 0xd3, 0x2f, 0x10, 0x0, 0x0,
    0x0, 0x12, 0x0, 0xb6, 0x3f, 0x10, 0x0, 0x0,
    0x0, 0x8f, 0x70, 0x0, 0x4f, 0x0, 0x0, 0x0,
    0x0, 0x6, 0xfb, 0x0, 0x5f, 0x0, 0x0, 0x0,
    0x0, 0x0, 0x39, 0x0, 0x7e, 0x0, 0x0, 0x0,
    0x3, 0x33, 0x33, 0x33, 0xbc, 0x33, 0x33, 0x30,
    0x2f, 0xff, 0xff, 0xff, 0xff, 0xff, 0xff, 0xf1,
    0x0, 0x0, 0x0, 0xa, 0xd0, 0x0, 0x0, 0x0,
    0x0, 0x0, 0x0, 0x8f, 0x40, 0x74, 0x0, 0x0,
    0x0, 0x0, 0x1b, 0xf5, 0x0, 0x9f, 0x70, 0x0,
    0x0, 0x18, 0xfd, 0x40, 0x0, 0x6, 0xfb, 0x10,
    0x4, 0xfe, 0x70, 0x0, 0x0, 0x0, 0x3e, 0x80,
    0x0, 0x40, 0x0, 0x0, 0x0, 0x0, 0x1, 0x0,

    /* U+5B50 "å­" */
    0x0, 0x8f, 0xff, 0xff, 0xff, 0xff, 0xfb, 0x0,
    0x0, 0x24, 0x44, 0x44, 0x44, 0x4a, 0xf6, 0x0,
    0x0, 0x0, 0x0, 0x0, 0x3, 0xce, 0x40, 0x0,
    0x0, 0x0, 0x0, 0x0, 0x8f, 0x91, 0x0, 0x0,
    0x0, 0x0, 0x0, 0x9, 0xe3, 0x0, 0x0, 0x0,
    0x3, 0x33, 0x33, 0x3b, 0xc3, 0x33, 0x33, 0x30,
    0xf, 0xff, 0xff, 0xff, 0xff, 0xff, 0xff, 0xf0,
    0x0, 0x0, 0x0, 0xa, 0xb0, 0x0, 0x0, 0x0,
    0x0, 0x0, 0x0, 0xa, 0xb0, 0x0, 0x0, 0x0,
    0x0, 0x0, 0x0, 0xa, 0xb0, 0x0, 0x0, 0x0,
    0x0, 0x0, 0x0, 0xa, 0xb0, 0x0, 0x0, 0x0,
    0x0, 0x0, 0x24, 0x3b, 0xa0, 0x0, 0x0, 0x0,
    0x0, 0x0, 0x3d, 0xfe, 0x60, 0x0, 0x0, 0x0,

    /* U+5B57 "å­" */
    0x0, 0x0, 0x0, 0xa4, 0x0, 0x0, 0x0, 0x45,
    0x55, 0x55, 0xdc, 0x55, 0x55, 0x54, 0xde, 0xcc,
    0xcc, 0xcc, 0xcc, 0xcc, 0xed, 0xd7, 0x0, 0x0,
    0x0, 0x0, 0x0, 0x7d, 0x63, 0xdf, 0xff, 0xff,
    0xff, 0xfa, 0x36, 0x0, 0x33, 0x33, 0x33, 0x5e,
    0xf6, 0x0, 0x0, 0x0, 0x0, 0x7, 0xfe, 0x40,
    0x0, 0x0, 0x0, 0x0, 0xaf, 0x80, 0x0, 0x0,
    0x55, 0x55, 0x55, 0xdc, 0x55, 0x55, 0x55, 0xde,
    0xee, 0xee, 0xff, 0xee, 0xee, 0xed, 0x0, 0x0,
    0x0, 0xcb, 0x0, 0x0, 0x0, 0x0, 0x0, 0x0,
    0xcb, 0x0, 0x0, 0x0, 0x0, 0x4, 0x43, 0xda,
    0x0, 0x0, 0x0, 0x0, 0x9, 0xdf, 0xf6, 0x0,
    0x0, 0x0,

    /* U+5B58 "å­" */
    0x0, 0x0, 0x0, 0xb2, 0x0, 0x0, 0x0, 0x0,
    0x3, 0x33, 0x37, 0xf4, 0x33, 0x33, 0x33, 0x30,
    0xe, 0xff, 0xff, 0xff, 0xff, 0xff, 0xff, 0xe0,
    0x0, 0x0, 0x9f, 0x10, 0x0, 0x0, 0x0, 0x0,
    0x0, 0x9, 0xf7, 0x15, 0x55, 0x55, 0x52, 0x0,
    0x0, 0x1f, 0xd0, 0x4d, 0xdd, 0xdd, 0xf8, 0x0,
    0x0, 0x7f, 0x40, 0x0, 0x0, 0xb, 0xd1, 0x0,
    0x5, 0xff, 0x30, 0x0, 0x0, 0xdc, 0x10, 0x0,
    0x1f, 0x7f, 0x32, 0x33, 0x33, 0xf5, 0x33, 0x30,
    0x2, 0x1f, 0x3a, 0xff, 0xff, 0xff, 0xff, 0xf2,
    0x0, 0x1f, 0x30, 0x0, 0x0, 0xf2, 0x0, 0x0,
    0x0, 0x1f, 0x30, 0x0, 0x0, 0xf2, 0x0, 0x0,
    0x0, 0x1f, 0x30, 0x0, 0x23, 0xf1, 0x0, 0x0,
    0x0, 0x1f, 0x30, 0x0, 0xaf, 0xc0, 0x0, 0x0,

    /* U+5B8C "å®" */
    0x0, 0x0, 0x0, 0xa6, 0x0, 0x0, 0x0, 0x2,
    0x55, 0x55, 0x5c, 0xd5, 0x55, 0x55, 0x20, 0x6f,
    0xee, 0xee, 0xee, 0xee, 0xee, 0xf6, 0x6, 0xe0,
    0x0, 0x0, 0x0, 0x0, 0xe, 0x60, 0x26, 0x6d,
    0xdd, 0xdd, 0xdd, 0xd6, 0x62, 0x0, 0x2, 0x55,
    0x55, 0x55, 0x55, 0x20, 0x0, 0x0, 0x0, 0x0,
    0x0, 0x0, 0x0, 0x0, 0x5, 0xff, 0xff, 0xff,
    0xff, 0xff, 0xff, 0x60, 0x13, 0x33, 0xcb, 0x33,
    0xf8, 0x33, 0x31, 0x0, 0x0, 0xf, 0x60, 0xe,
    0x60, 0x0, 0x0, 0x0, 0x6, 0xf1, 0x0, 0xe6,
    0x0, 0x4, 0x0, 0x4, 0xf8, 0x0, 0xe, 0x60,
    0x1, 0xf3, 0x29, 0xfb, 0x0, 0x0, 0xea, 0x44,
    0x9f, 0x1b, 0xe7, 0x0, 0x0, 0x8, 0xef, 0xfe,
    0x80, 0x10, 0x0, 0x0, 0x0, 0x0, 0x0, 0x0,
    0x0,

    /* U+5B9E "å®" */
    0x0, 0x0, 0x0, 0xa4, 0x0, 0x0, 0x0, 0x4,
    0x55, 0x55, 0x5d, 0xc5, 0x55, 0x55, 0x40, 0xde,
    0xcc, 0xcc, 0xcc, 0xcc, 0xcc, 0xed, 0xd, 0x70,
    0x0, 0x0, 0x2d, 0x10, 0x7, 0xd0, 0x63, 0x9,
    0x60, 0x3, 0xf1, 0x0, 0x36, 0x0, 0x0, 0x6d,
    0xd4, 0x3f, 0x10, 0x0, 0x0, 0x3, 0xb3, 0x7,
    0x44, 0xf1, 0x0, 0x0, 0x0, 0x19, 0xfa, 0x10,
    0x5f, 0x0, 0x0, 0x0, 0x0, 0x2, 0x70, 0xa,
    0xd0, 0x0, 0x0, 0xe, 0xff, 0xff, 0xff, 0xff,
    0xff, 0xff, 0xd0, 0x44, 0x44, 0x46, 0xfd, 0x45,
    0x54, 0x44, 0x0, 0x0, 0x6, 0xed, 0x10, 0xae,
    0x50, 0x0, 0x3, 0x8e, 0xf9, 0x0, 0x0, 0x8f,
    0xc3, 0x1, 0xfd, 0x81, 0x0, 0x0, 0x0, 0x2a,
    0xb0, 0x1, 0x0, 0x0, 0x0, 0x0, 0x0, 0x0,
    0x0,

    /* U+5C31 "å°±" */
    0x0, 0x6, 0xa0, 0x0, 0x0, 0xd6, 0x1, 0x0,
    0x3, 0x37, 0xf4, 0x33, 0x0, 0xd6, 0x7d, 0x0,
    0xe, 0xff, 0xff, 0xff, 0x0, 0xd6, 0xb, 0x30,
    0x0, 0x0, 0x0, 0x0, 0x66, 0xea, 0x66, 0x60,
    0x6, 0xff, 0xff, 0xf6, 0xaa, 0xfc, 0xaa, 0xa0,
    0x7, 0xc2, 0x22, 0xc7, 0x0, 0xf3, 0x0, 0x0,
    0x7, 0xc0, 0x0, 0xc7, 0x0, 0xf7, 0xe0, 0x0,
    0x7, 0xc2, 0x22, 0xc7, 0x2, 0xf5, 0xe0, 0x0,
    0x6, 0xff, 0xff, 0xf6, 0x6, 0xd5, 0xe0, 0x0,
    0x0, 0x32, 0xf1, 0x30, 0xa, 0x95, 0xe0, 0x0,
    0x3, 0xf3, 0xf3, 0xf2, 0x1f, 0x45, 0xe0, 0x0,
    0xc, 0x82, 0xf1, 0x9a, 0x8d, 0x5, 0xe0, 0xa2,
    0x19, 0x36, 0xf0, 0x15, 0xf4, 0x4, 0xe3, 0xf2,
    0x0, 0x7f, 0xb0, 0x5, 0x70, 0x1, 0xdf, 0xa0,
    0x0, 0x0, 0x0, 0x0, 0x0, 0x0, 0x0, 0x0,

    /* U+5C42 "å±" */
    0x0, 0xef, 0xff, 0xff, 0xff, 0xff, 0xff, 0x70,
    0xe, 0x61, 0x11, 0x11, 0x11, 0x11, 0xc7, 0x0,
    0xee, 0xdd, 0xdd, 0xdd, 0xdd, 0xdf, 0x70, 0xe,
    0x84, 0x44, 0x44, 0x44, 0x44, 0x42, 0x0, 0xe6,
    0x1, 0x22, 0x22, 0x22, 0x20, 0x0, 0xe, 0x50,
    0xdf, 0xff, 0xff, 0xff, 0x50, 0x0, 0xe5, 0x0,
    0x11, 0x11, 0x11, 0x10, 0x0, 0xf, 0x43, 0x33,
    0x33, 0x33, 0x33, 0x32, 0x1, 0xf2, 0xef, 0xff,
    0xff, 0xff, 0xff, 0xa0, 0x5f, 0x0, 0x2, 0xf7,
    0x1, 0x60, 0x0, 0x9, 0xc0, 0x1, 0xdb, 0x0,
    0x2d, 0xb0, 0x0, 0xe7, 0x4, 0xed, 0x45, 0x68,
    0xaf, 0xb0, 0x2f, 0x10, 0xaf, 0xed, 0xcb, 0x97,
    0x6f, 0x60, 0x10, 0x0, 0x0, 0x0, 0x0, 0x0,
    0x20,

    /* U+5C4F "å±" */
    0x0, 0xef, 0xff, 0xff, 0xff, 0xff, 0xff, 0xe0,
    0x0, 0xe7, 0x22, 0x22, 0x22, 0x22, 0x26, 0xe0,
    0x0, 0xef, 0xff, 0xff, 0xff, 0xff, 0xff, 0xe0,
    0x0, 0xe6, 0x11, 0x81, 0x11, 0x14, 0x71, 0x0,
    0x0, 0xe6, 0x0, 0xda, 0x0, 0xc, 0xa0, 0x0,
    0x0, 0xe5, 0x9e, 0xff, 0xee, 0xef, 0xee, 0xc0,
    0x0, 0xe5, 0x23, 0x5f, 0x33, 0x5f, 0x53, 0x20,
    0x0, 0xf4, 0x0, 0x3f, 0x0, 0x2f, 0x20, 0x0,
    0x1, 0xf2, 0x44, 0x7f, 0x44, 0x5f, 0x54, 0x41,
    0x5, 0xf0, 0xee, 0xff, 0xee, 0xef, 0xee, 0xe4,
    0xa, 0xb0, 0x0, 0xd9, 0x0, 0x2f, 0x20, 0x0,
    0xf, 0x71, 0x6d, 0xd1, 0x0, 0x2f, 0x20, 0x0,
    0x2d, 0x11, 0xc7, 0x0, 0x0, 0x2f, 0x20, 0x0,
    0x0, 0x0, 0x0, 0x0, 0x0, 0x0, 0x0, 0x0,

    /* U+5DE5 "å·¥" */
    0x0, 0x11, 0x11, 0x11, 0x11, 0x11, 0x11, 0x0,
    0x7, 0xff, 0xff, 0xff, 0xff, 0xff, 0xff, 0x70,
    0x0, 0x22, 0x22, 0x2b, 0x92, 0x22, 0x22, 0x0,
    0x0, 0x0, 0x0, 0xb, 0x90, 0x0, 0x0, 0x0,
    0x0, 0x0, 0x0, 0xb, 0x90, 0x0, 0x0, 0x0,
    0x0, 0x0, 0x0, 0xb, 0x90, 0x0, 0x0, 0x0,
    0x0, 0x0, 0x0, 0xb, 0x90, 0x0, 0x0, 0x0,
    0x0, 0x0, 0x0, 0xb, 0x90, 0x0, 0x0, 0x0,
    0x0, 0x0, 0x0, 0xb, 0x90, 0x0, 0x0, 0x0,
    0x0, 0x0, 0x0, 0xb, 0x90, 0x0, 0x0, 0x0,
    0x0, 0x0, 0x0, 0xb, 0x90, 0x0, 0x0, 0x0,
    0x0, 0x0, 0x0, 0xb, 0x90, 0x0, 0x0, 0x0,
    0x3, 0x33, 0x33, 0x3c, 0xa3, 0x33, 0x33, 0x30,
    0xf, 0xff, 0xff, 0xff, 0xff, 0xff, 0xff, 0xf0,

    /* U+5DF2 "å·²" */
    0x1, 0x11, 0x11, 0x11, 0x11, 0x10, 0x0, 0x9f,
    0xff, 0xff, 0xff, 0xff, 0xfe, 0x0, 0x12, 0x22,
    0x22, 0x22, 0x22, 0x6e, 0x0, 0x2, 0x10, 0x0,
    0x0, 0x0, 0x5e, 0x0, 0xe, 0x50, 0x0, 0x0,
    0x0, 0x5e, 0x0, 0xe, 0x62, 0x22, 0x22, 0x22,
    0x6e, 0x0, 0xe, 0xff, 0xff, 0xff, 0xff, 0xfe,
    0x0, 0xe, 0x61, 0x11, 0x11, 0x11, 0x5e, 0x0,
    0xe, 0x50, 0x0, 0x0, 0x0, 0x0, 0x0, 0xe,
    0x50, 0x0, 0x0, 0x0, 0x0, 0x10, 0xe, 0x50,
    0x0, 0x0, 0x0, 0x0, 0x7b, 0xe, 0x50, 0x0,
    0x0, 0x0, 0x0, 0xa9, 0xd, 0xb5, 0x44, 0x44,
    0x44, 0x68, 0xf4, 0x5, 0xdf, 0xff, 0xff, 0xfe,
    0xdc, 0x70,

    /* U+5E38 "å¸¸" */
    0x0, 0x67, 0x0, 0xe5, 0x0, 0x85, 0x0, 0x0,
    0x4f, 0x20, 0xe5, 0x5, 0xf3, 0x0, 0xde, 0xef,
    0xfe, 0xfe, 0xef, 0xfe, 0xec, 0xe6, 0x22, 0x22,
    0x22, 0x22, 0x22, 0x7d, 0xa3, 0x14, 0x44, 0x44,
    0x44, 0x40, 0x49, 0x0, 0x4f, 0xbb, 0xbb, 0xbb,
    0xf1, 0x0, 0x0, 0x4e, 0x0, 0x0, 0x1, 0xf1,
    0x0, 0x0, 0x4f, 0xee, 0xee, 0xee, 0xf1, 0x0,
    0x0, 0x0, 0x0, 0xc7, 0x0, 0x0, 0x0, 0xc,
    0xff, 0xff, 0xff, 0xff, 0xff, 0xc0, 0xc, 0xa1,
    0x11, 0xd8, 0x11, 0x1a, 0xc0, 0xc, 0x90, 0x0,
    0xc7, 0x0, 0xa, 0xc0, 0xc, 0x90, 0x0, 0xc7,
    0x5, 0x6d, 0xb0, 0x9, 0x70, 0x0, 0xc7, 0x6,
    0xbb, 0x30,

    /* U+5E93 "åº" */
    0x0, 0x0, 0x0, 0x0, 0x10, 0x0, 0x0, 0x0,
    0x0, 0x0, 0x0, 0x7e, 0x0, 0x0, 0x0, 0x0,
    0xce, 0xee, 0xee, 0xfe, 0xee, 0xee, 0xb0, 0xd,
    0x83, 0x33, 0x34, 0x33, 0x33, 0x32, 0x0, 0xd6,
    0x0, 0x6, 0xe0, 0x0, 0x0, 0x0, 0xd, 0x64,
    0x55, 0xdc, 0x55, 0x55, 0x52, 0x0, 0xd6, 0xac,
    0xff, 0xcf, 0xdc, 0xcc, 0x40, 0xd, 0x60, 0x5f,
    0x40, 0xe4, 0x0, 0x0, 0x0, 0xe5, 0x5f, 0x50,
    0xe, 0x40, 0x0, 0x0, 0xf, 0x4d, 0xff, 0xff,
    0xff, 0xff, 0xe0, 0x1, 0xf3, 0x12, 0x22, 0x2e,
    0x52, 0x21, 0x0, 0x5f, 0x1, 0x11, 0x11, 0xe4,
    0x11, 0x10, 0xa, 0xb0, 0xff, 0xff, 0xff, 0xff,
    0xff, 0xd1, 0xf6, 0x2, 0x22, 0x22, 0xe5, 0x22,
    0x21, 0x2c, 0x0, 0x0, 0x0, 0xe, 0x40, 0x0,
    0x0,

    /* U+5E94 "åº" */
    0x0, 0x0, 0x0, 0x5, 0xc0, 0x0, 0x0, 0x0,
    0x0, 0x12, 0x22, 0x23, 0xf6, 0x22, 0x22, 0x10,
    0x0, 0xdf, 0xff, 0xff, 0xff, 0xff, 0xff, 0xc0,
    0x0, 0xd6, 0x11, 0x11, 0x11, 0x11, 0x11, 0x0,
    0x0, 0xd6, 0x0, 0x1, 0x60, 0x0, 0x1, 0x0,
    0x0, 0xd6, 0x2, 0x1, 0xf5, 0x0, 0x4f, 0x20,
    0x0, 0xd6, 0x4f, 0x20, 0xba, 0x0, 0x8e, 0x0,
    0x0, 0xd6, 0xd, 0x80, 0x6f, 0x0, 0xd9, 0x0,
    0x0, 0xe5, 0x7, 0xe0, 0x3f, 0x31, 0xf5, 0x0,
    0x0, 0xf4, 0x2, 0xf3, 0xe, 0x46, 0xf1, 0x0,
    0x3, 0xf2, 0x0, 0xd8, 0x0, 0xc, 0xa0, 0x0,
    0x7, 0xf0, 0x0, 0x31, 0x0, 0x2f, 0x40, 0x0,
    0xd, 0xa0, 0x33, 0x33, 0x33, 0x9f, 0x43, 0x30,
    0x4f, 0x41, 0xff, 0xff, 0xff, 0xff, 0xff, 0xf2,
    0x17, 0x0, 0x0, 0x0, 0x0, 0x0, 0x0, 0x0,

    /* U+5EA6 "åº¦" */
    0x0, 0x0, 0x0, 0x0, 0x10, 0x0, 0x0, 0x0,
    0x0, 0x0, 0x0, 0x7, 0xe0, 0x0, 0x0, 0x0,
    0x0, 0xce, 0xee, 0xee, 0xfe, 0xee, 0xee, 0xb0,
    0x0, 0xd8, 0x33, 0x33, 0x33, 0x33, 0x33, 0x20,
    0x0, 0xd6, 0x0, 0xd3, 0x0, 0xd, 0x30, 0x0,
    0x0, 0xda, 0xff, 0xff, 0xff, 0xff, 0xff, 0x90,
    0x0, 0xd6, 0x11, 0xe5, 0x11, 0x1e, 0x51, 0x10,
    0x0, 0xd6, 0x0, 0xe6, 0x33, 0x3f, 0x40, 0x0,
    0x0, 0xe5, 0x0, 0xcd, 0xdd, 0xdd, 0x30, 0x0,
    0x0, 0xf5, 0x11, 0x11, 0x11, 0x11, 0x11, 0x0,
    0x1, 0xf3, 0xaf, 0xff, 0xff, 0xff, 0xf9, 0x0,
    0x5, 0xf0, 0x5, 0xf6, 0x0, 0x1c, 0xd1, 0x0,
    0xa, 0xc0, 0x0, 0x4e, 0xc9, 0xf9, 0x0, 0x0,
    0x1f, 0x70, 0x25, 0x9d, 0xee, 0xfa, 0x75, 0x30,
    0x2d, 0x1a, 0xfd, 0x94, 0x0, 0x5a, 0xdf, 0xf0,
    0x0, 0x0, 0x0, 0x0, 0x0, 0x0, 0x0, 0x0,

    /* U+5F00 "å¼" */
    0x0, 0xdf, 0xff, 0xff, 0xff, 0xff, 0xff, 0x30,
    0x0, 0x23, 0x3f, 0x53, 0x33, 0x9c, 0x33, 0x0,
    0x0, 0x0, 0x1f, 0x20, 0x0, 0x8c, 0x0, 0x0,
    0x0, 0x0, 0x1f, 0x20, 0x0, 0x8c, 0x0, 0x0,
    0x0, 0x0, 0x1f, 0x20, 0x0, 0x8c, 0x0, 0x0,
    0xe, 0xee, 0xef, 0xee, 0xee, 0xff, 0xee, 0xe1,
    0x4, 0x44, 0x8f, 0x44, 0x44, 0xad, 0x44, 0x40,
    0x0, 0x0, 0x8b, 0x0, 0x0, 0x8c, 0x0, 0x0,
    0x0, 0x0, 0xd7, 0x0, 0x0, 0x8c, 0x0, 0x0,
    0x0, 0x5, 0xf1, 0x0, 0x0, 0x8c, 0x0, 0x0,
    0x0, 0x1e, 0x80, 0x0, 0x0, 0x8c, 0x0, 0x0,
    0x2, 0xdc, 0x0, 0x0, 0x0, 0x8c, 0x0, 0x0,
    0x9, 0xb1, 0x0, 0x0, 0x0, 0x8c, 0x0, 0x0,
    0x0, 0x0, 0x0, 0x0, 0x0, 0x0, 0x0, 0x0,

    /* U+5F02 "å¼" */
    0x0, 0x9f, 0xff, 0xff, 0xff, 0xff, 0xf2, 0x0,
    0x0, 0x9b, 0x33, 0x33, 0x33, 0x33, 0xf2, 0x0,
    0x0, 0x9f, 0xee, 0xee, 0xee, 0xee, 0xf2, 0x0,
    0x0, 0x9c, 0x55, 0x55, 0x55, 0x55, 0x52, 0x0,
    0x0, 0x9c, 0x0, 0x0, 0x0, 0x0, 0xb, 0x80,
    0x0, 0x5f, 0xfe, 0xdd, 0xdd, 0xee, 0xff, 0x40,
    0x0, 0x1, 0x3d, 0x75, 0x55, 0xf7, 0x31, 0x0,
    0x0, 0x0, 0xf, 0x40, 0x0, 0xf4, 0x0, 0x0,
    0x2f, 0xff, 0xff, 0xff, 0xff, 0xff, 0xff, 0xf2,
    0x3, 0x33, 0x6f, 0x43, 0x33, 0xf6, 0x33, 0x30,
    0x0, 0x0, 0xac, 0x0, 0x0, 0xf4, 0x0, 0x0,
    0x0, 0x2a, 0xf3, 0x0, 0x0, 0xf4, 0x0, 0x0,
    0x2, 0xfc, 0x30, 0x0, 0x0, 0xf4, 0x0, 0x0,
    0x0, 0x10, 0x0, 0x0, 0x0, 0x0, 0x0, 0x0,

    /* U+5F53 "å½" */
    0x2, 0x0, 0x0, 0xd6, 0x0, 0x2, 0x2, 0xf6,
    0x0, 0xd, 0x60, 0x2, 0xf4, 0x8, 0xf2, 0x0,
    0xd6, 0x0, 0xad, 0x0, 0xd, 0xa0, 0xd, 0x60,
    0x4f, 0x40, 0x0, 0x20, 0x0, 0xd6, 0x0, 0x40,
    0x5, 0xff, 0xff, 0xff, 0xff, 0xff, 0xf5, 0x13,
    0x33, 0x33, 0x33, 0x33, 0x3f, 0x50, 0x0, 0x0,
    0x0, 0x0, 0x0, 0xe5, 0x3, 0x33, 0x33, 0x33,
    0x33, 0x3f, 0x50, 0xff, 0xff, 0xff, 0xff, 0xff,
    0xf5, 0x0, 0x0, 0x0, 0x0, 0x0, 0xe, 0x50,
    0x0, 0x0, 0x0, 0x0, 0x0, 0xe5, 0x6d, 0xdd,
    0xdd, 0xdd, 0xdd, 0xdf, 0x52, 0x55, 0x55, 0x55,
    0x55, 0x55, 0xf5,

    /* U+5F85 "å¾" */
    0x0, 0x3, 0xb0, 0x0, 0x1, 0xf3, 0x0, 0x0,
    0x0, 0x1d, 0x90, 0x2, 0x22, 0xf4, 0x22, 0x10,
    0x0, 0xcd, 0x0, 0x7f, 0xff, 0xff, 0xff, 0x90,
    0xd, 0xd1, 0x20, 0x0, 0x1, 0xf3, 0x0, 0x0,
    0x5, 0x10, 0xd7, 0x22, 0x22, 0xf4, 0x22, 0x20,
    0x0, 0x9, 0xb4, 0xff, 0xff, 0xff, 0xff, 0xf2,
    0x0, 0x7f, 0x0, 0x11, 0x11, 0x11, 0xe8, 0x10,
    0x7, 0xff, 0x0, 0x22, 0x22, 0x22, 0xd8, 0x20,
    0x1d, 0x7f, 0x2, 0xff, 0xff, 0xff, 0xff, 0xf3,
    0x0, 0x3f, 0x0, 0x13, 0x31, 0x11, 0xd7, 0x10,
    0x0, 0x3f, 0x0, 0x8, 0xd0, 0x0, 0xd7, 0x0,
    0x0, 0x3f, 0x0, 0x0, 0xd3, 0x0, 0xd7, 0x0,
    0x0, 0x3f, 0x0, 0x0, 0x3, 0x65, 0xe6, 0x0,
    0x0, 0x3f, 0x0, 0x0, 0x3, 0xde, 0xc1, 0x0,

    /* U+6001 "æ" */
    0x0, 0x0, 0x0, 0x0, 0x0, 0x0, 0x0, 0x0,
    0x0, 0x0, 0x0, 0xc, 0x60, 0x0, 0x0, 0x0,
    0x0, 0x0, 0x0, 0xe, 0x50, 0x0, 0x0, 0x0,
    0x1, 0xff, 0xff, 0xff, 0xff, 0xff, 0xff, 0x60,
    0x0, 0x33, 0x33, 0xad, 0x7f, 0x43, 0x33, 0x10,
    0x0, 0x0, 0x2, 0xf5, 0xc, 0xb0, 0x0, 0x0,
    0x0, 0x0, 0x3e, 0xb0, 0x1, 0xea, 0x0, 0x0,
    0x0, 0x29, 0xfb, 0x2f, 0x91, 0x2d, 0xe6, 0x0,
    0x9, 0xfd, 0x50, 0x3, 0xd8, 0x0, 0x9f, 0xd0,
    0x1, 0x20, 0x0, 0x1, 0x20, 0x0, 0x0, 0x30,
    0x0, 0x52, 0x6b, 0x9, 0xd0, 0x0, 0x69, 0x0,
    0x0, 0xe6, 0x7c, 0x1, 0xe7, 0x0, 0x4f, 0x40,
    0x7, 0xe0, 0x7c, 0x0, 0x53, 0xe, 0x3b, 0xc0,
    0x2f, 0x60, 0x7e, 0x33, 0x34, 0x8f, 0x14, 0xf2,
    0x7, 0x0, 0x2d, 0xff, 0xfe, 0xd7, 0x0, 0x20,

    /* U+606F "æ¯" */
    0x0, 0x0, 0x0, 0x10, 0x0, 0x0, 0x0, 0x0,
    0x0, 0x0, 0x0, 0xbb, 0x0, 0x0, 0x0, 0x0,
    0x0, 0x5f, 0xff, 0xff, 0xff, 0xff, 0xf5, 0x0,
    0x0, 0x5f, 0x33, 0x33, 0x33, 0x33, 0xf5, 0x0,
    0x0, 0x5f, 0xbb, 0xbb, 0xbb, 0xbb, 0xf5, 0x0,
    0x0, 0x5f, 0x44, 0x44, 0x44, 0x44, 0xf5, 0x0,
    0x0, 0x5f, 0xbb, 0xbb, 0xbb, 0xbb, 0xf5, 0x0,
    0x0, 0x5f, 0x33, 0x33, 0x33, 0x33, 0xf5, 0x0,
    0x0, 0x5f, 0x44, 0x44, 0x44, 0x44, 0xf5, 0x0,
    0x0, 0x4e, 0xee, 0xee, 0xee, 0xee, 0xe4, 0x0,
    0x0, 0x20, 0x24, 0xa, 0x40, 0x0, 0x20, 0x0,
    0x0, 0xd7, 0x7c, 0x9, 0xf7, 0x0, 0xda, 0x0,
    0x7, 0xf1, 0x7c, 0x0, 0x78, 0x18, 0x4f, 0x60,
    0x1f, 0x80, 0x7d, 0x22, 0x23, 0x8f, 0x9, 0xe0,
    0x6, 0x0, 0x2d, 0xff, 0xff, 0xd7, 0x1, 0x40,

    /* U+6210 "æ" */
    0x0, 0x0, 0x0, 0x0, 0x4f, 0x8, 0x70, 0x0,
    0x0, 0x0, 0x0, 0x0, 0x3f, 0x5, 0xf1, 0x0,
    0x0, 0x55, 0x55, 0x55, 0x7f, 0x65, 0x75, 0x20,
    0x0, 0xfd, 0xcc, 0xcc, 0xcf, 0xcc, 0xcc, 0x40,
    0x0, 0xf4, 0x0, 0x0, 0x1f, 0x20, 0x0, 0x0,
    0x0, 0xf4, 0x0, 0x0, 0xf, 0x40, 0x79, 0x0,
    0x0, 0xff, 0xff, 0xf7, 0xd, 0x60, 0xc9, 0x0,
    0x0, 0xf4, 0x11, 0xd7, 0xa, 0x91, 0xf4, 0x0,
    0x0, 0xf2, 0x0, 0xe6, 0x7, 0xd8, 0xe0, 0x0,
    0x1, 0xf1, 0x0, 0xf5, 0x3, 0xff, 0x80, 0x0,
    0x5, 0xe0, 0x0, 0xf4, 0x0, 0xef, 0x10, 0x0,
    0xa, 0xa0, 0x56, 0xf1, 0x7, 0xff, 0x10, 0x70,
    0x1f, 0x50, 0xae, 0x91, 0xcf, 0x8d, 0xd8, 0xe0,
    0x19, 0x0, 0x0, 0x1, 0xc4, 0x1, 0xbe, 0x50,

    /* U+6253 "æ" */
    0x0, 0xc, 0x70, 0x0, 0x0, 0x0, 0x0, 0x0,
    0x0, 0xc, 0x70, 0xb, 0xff, 0xff, 0xff, 0xf8,
    0x3, 0x3d, 0x93, 0x12, 0x33, 0x37, 0xe3, 0x31,
    0x1f, 0xff, 0xff, 0x60, 0x0, 0x5, 0xe0, 0x0,
    0x0, 0xc, 0x70, 0x0, 0x0, 0x5, 0xe0, 0x0,
    0x0, 0xc, 0x70, 0x0, 0x0, 0x5, 0xe0, 0x0,
    0x0, 0xc, 0x85, 0x50, 0x0, 0x5, 0xe0, 0x0,
    0x0, 0x5e, 0xfd, 0x50, 0x0, 0x5, 0xe0, 0x0,
    0x1f, 0xff, 0x90, 0x0, 0x0, 0x5, 0xe0, 0x0,
    0x5, 0xc, 0x70, 0x0, 0x0, 0x5, 0xe0, 0x0,
    0x0, 0xc, 0x70, 0x0, 0x0, 0x5, 0xe0, 0x0,
    0x0, 0xc, 0x70, 0x0, 0x0, 0x5, 0xe0, 0x0,
    0x5, 0x3d, 0x70, 0x0, 0x3, 0x49, 0xd0, 0x0,
    0xc, 0xff, 0x30, 0x0, 0x7, 0xfe, 0x70, 0x0,
    0x0, 0x0, 0x0, 0x0, 0x0, 0x0, 0x0, 0x0,

    /* U+626B "æ«" */
    0x0, 0xc, 0x70, 0x0, 0x0, 0x0, 0x0, 0x0,
    0x0, 0xc7, 0x0, 0x44, 0x44, 0x44, 0x44, 0x3,
    0x3d, 0x93, 0x1d, 0xff, 0xff, 0xff, 0xe1, 0xff,
    0xff, 0xf6, 0x0, 0x0, 0x0, 0x6e, 0x0, 0xc,
    0x70, 0x0, 0x0, 0x0, 0x6, 0xe0, 0x0, 0xc7,
    0x0, 0x0, 0x0, 0x0, 0x6e, 0x0, 0xc, 0x98,
    0x89, 0xdd, 0xdd, 0xde, 0xe0, 0x16, 0xef, 0xd5,
    0x35, 0x55, 0x55, 0x9e, 0x2f, 0xff, 0x90, 0x0,
    0x0, 0x0, 0x6, 0xe0, 0x72, 0xc7, 0x0, 0x0,
    0x0, 0x0, 0x6e, 0x0, 0xc, 0x70, 0x0, 0x0,
    0x0, 0x6, 0xe0, 0x0, 0xc7, 0x0, 0x33, 0x33,
    0x33, 0x8e, 0x2, 0x3e, 0x70, 0x3f, 0xff, 0xff,
    0xff, 0xe0, 0xcf, 0xe3, 0x0, 0x0, 0x0, 0x0,
    0x5c,

    /* U+62DF "æ" */
    0x0, 0x3f, 0x10, 0x0, 0x0, 0x0, 0x0, 0x0,
    0x3, 0xf1, 0x0, 0xc, 0x70, 0xc, 0x60, 0x3,
    0x6f, 0x41, 0xd5, 0x5e, 0x10, 0xc6, 0x1, 0xff,
    0xff, 0x4d, 0x50, 0xd7, 0xd, 0x60, 0x0, 0x3f,
    0x10, 0xd5, 0x7, 0xe0, 0xe5, 0x0, 0x3, 0xf1,
    0xd, 0x50, 0x16, 0xf, 0x40, 0x0, 0x3f, 0x66,
    0xd5, 0x0, 0x1, 0xf2, 0x0, 0x3a, 0xfd, 0x4d,
    0x50, 0x0, 0x3f, 0x0, 0x1f, 0xdf, 0x10, 0xd5,
    0x0, 0x7, 0xd0, 0x0, 0x13, 0xf1, 0xd, 0x54,
    0x40, 0xdb, 0x0, 0x0, 0x3f, 0x10, 0xdc, 0xe4,
    0x5f, 0xe6, 0x0, 0x3, 0xf1, 0xa, 0xb1, 0x2e,
    0x75, 0xf2, 0x6, 0x7f, 0x0, 0x0, 0x4e, 0xa0,
    0xa, 0xb0, 0xcf, 0xa0, 0x0, 0x6, 0x70, 0x0,
    0x26,

    /* U+62E9 "æ©" */
    0x0, 0x4f, 0x0, 0x0, 0x0, 0x0, 0x0, 0x0,
    0x0, 0x4f, 0x0, 0xff, 0xff, 0xff, 0xff, 0x0,
    0x3, 0x6f, 0x32, 0x2c, 0x92, 0x22, 0xc9, 0x0,
    0xf, 0xff, 0xfa, 0x1, 0xd4, 0x9, 0xb0, 0x0,
    0x0, 0x4f, 0x0, 0x0, 0x4f, 0xcd, 0x10, 0x0,
    0x0, 0x4f, 0x4, 0xbe, 0xf9, 0x5b, 0xfc, 0x90,
    0x0, 0x4f, 0x14, 0x95, 0x4, 0xd0, 0x26, 0x80,
    0x0, 0x6f, 0xf8, 0x0, 0x5, 0xe0, 0x0, 0x0,
    0x1d, 0xff, 0x50, 0x8f, 0xff, 0xff, 0xff, 0x40,
    0x9, 0x8f, 0x0, 0x12, 0x26, 0xe2, 0x22, 0x0,
    0x0, 0x4f, 0x1, 0x33, 0x37, 0xf3, 0x33, 0x30,
    0x0, 0x4f, 0x6, 0xff, 0xff, 0xff, 0xff, 0xf0,
    0x5, 0x7f, 0x0, 0x0, 0x5, 0xe0, 0x0, 0x0,
    0xa, 0xfa, 0x0, 0x0, 0x5, 0xe0, 0x0, 0x0,

    /* U+636E "æ®" */
    0x0, 0x3f, 0x10, 0x0, 0x0, 0x0, 0x0, 0x0,
    0x3, 0xf1, 0xe, 0xff, 0xff, 0xff, 0xf5, 0x4,
    0x6f, 0x51, 0xe5, 0x22, 0x22, 0x2e, 0x51, 0xab,
    0xfa, 0x3e, 0xed, 0xdd, 0xdd, 0xf5, 0x0, 0x3f,
    0x10, 0xe7, 0x44, 0x7f, 0x44, 0x10, 0x3, 0xf1,
    0xe, 0x40, 0x4, 0xe0, 0x0, 0x0, 0x3f, 0x87,
    0xef, 0xff, 0xff, 0xff, 0xc0, 0x4a, 0xfd, 0x3f,
    0x62, 0x26, 0xe2, 0x22, 0x1f, 0xef, 0x10, 0xf3,
    0x0, 0x4e, 0x0, 0x0, 0x23, 0xf1, 0x1f, 0x4f,
    0xff, 0xff, 0xf4, 0x0, 0x3f, 0x13, 0xe3, 0xf4,
    0x22, 0x2e, 0x40, 0x3, 0xf1, 0x7b, 0x3f, 0x20,
    0x0, 0xe4, 0x5, 0x7f, 0xb, 0x73, 0xfd, 0xdd,
    0xdf, 0x40, 0xcf, 0xa0, 0x92, 0x3f, 0x54, 0x44,
    0xf4,

    /* U+63A5 "æ¥" */
    0x0, 0x4f, 0x0, 0x0, 0x4, 0xc0, 0x0, 0x0,
    0x0, 0x4f, 0x0, 0x35, 0x58, 0xf7, 0x55, 0x50,
    0x3, 0x6f, 0x32, 0x9d, 0xdd, 0xdd, 0xdd, 0xb0,
    0xf, 0xff, 0xfa, 0x3, 0x90, 0x0, 0xa4, 0x0,
    0x0, 0x4f, 0x0, 0x1, 0xf3, 0x5, 0xf1, 0x0,
    0x0, 0x4f, 0x0, 0xff, 0xff, 0xff, 0xff, 0xf1,
    0x0, 0x4f, 0x2, 0x22, 0x28, 0x42, 0x22, 0x20,
    0x0, 0x5f, 0xe8, 0x11, 0x3f, 0x31, 0x11, 0x10,
    0x1d, 0xff, 0x55, 0xff, 0xff, 0xff, 0xff, 0xf2,
    0x8, 0x7f, 0x0, 0x14, 0xf3, 0x11, 0xe7, 0x10,
    0x0, 0x4f, 0x0, 0xd, 0xc3, 0x6, 0xe0, 0x0,
    0x0, 0x4f, 0x0, 0x2, 0x7d, 0xef, 0x70, 0x0,
    0x5, 0x7f, 0x0, 0x15, 0x8d, 0xe9, 0xfc, 0x40,
    0xa, 0xfa, 0x0, 0x2d, 0xa6, 0x0, 0x19, 0x60,

    /* U+63A7 "æ§" */
    0x0, 0x3f, 0x10, 0x0, 0x3, 0xe1, 0x0, 0x0,
    0x0, 0x3f, 0x10, 0x22, 0x23, 0xf7, 0x22, 0x20,
    0x3, 0x6f, 0x41, 0xdf, 0xff, 0xff, 0xff, 0xf3,
    0x1f, 0xff, 0xf4, 0xd8, 0x0, 0x0, 0x0, 0xf3,
    0x0, 0x3f, 0x10, 0xb7, 0x28, 0x4, 0x90, 0xb2,
    0x0, 0x3f, 0x10, 0x1, 0xdb, 0x3, 0xeb, 0x0,
    0x0, 0x3f, 0x35, 0x3e, 0xd1, 0x0, 0x2e, 0xa0,
    0x0, 0x6f, 0xf9, 0x3a, 0x0, 0x0, 0x3, 0x40,
    0x1e, 0xff, 0x40, 0x3, 0x33, 0x33, 0x33, 0x10,
    0x8, 0x6f, 0x10, 0x1e, 0xee, 0xff, 0xee, 0x70,
    0x0, 0x3f, 0x10, 0x0, 0x0, 0xe5, 0x0, 0x0,
    0x0, 0x3f, 0x10, 0x0, 0x0, 0xe5, 0x0, 0x0,
    0x3, 0x7f, 0x0, 0x22, 0x22, 0xe7, 0x22, 0x20,
    0xd, 0xfa, 0x0, 0xef, 0xff, 0xff, 0xff, 0xf5,

    /* U+63A8 "æ¨" */
    0x0, 0x0, 0x0, 0x0, 0x0, 0x0, 0x0, 0x0,
    0x0, 0x3f, 0x10, 0x6, 0xc0, 0xa6, 0x0, 0x0,
    0x0, 0x3f, 0x10, 0xc, 0xa0, 0x9d, 0x0, 0x0,
    0x3, 0x6f, 0x41, 0x1f, 0x84, 0x7f, 0x64, 0x40,
    0x1f, 0xff, 0xf4, 0xaf, 0xee, 0xef, 0xee, 0xe1,
    0x0, 0x3f, 0x13, 0xff, 0x10, 0x4f, 0x0, 0x0,
    0x0, 0x3f, 0x18, 0xdf, 0x21, 0x5f, 0x11, 0x10,
    0x0, 0x3f, 0x57, 0x4f, 0xff, 0xff, 0xff, 0xb0,
    0x1, 0x8f, 0xf6, 0x3f, 0x10, 0x4f, 0x0, 0x0,
    0x1f, 0xff, 0x20, 0x3f, 0x10, 0x4f, 0x0, 0x0,
    0x4, 0x3f, 0x10, 0x3f, 0xff, 0xff, 0xff, 0xb0,
    0x0, 0x3f, 0x10, 0x3f, 0x32, 0x6f, 0x22, 0x20,
    0x0, 0x3f, 0x10, 0x3f, 0x10, 0x4f, 0x0, 0x0,
    0x5, 0x7f, 0x0, 0x3f, 0xff, 0xff, 0xff, 0xf3,
    0xc, 0xfa, 0x0, 0x3f, 0x32, 0x22, 0x22, 0x20,

    /* U+63D0 "æ" */
    0x0, 0x4f, 0x0, 0x0, 0x0, 0x0, 0x0, 0x0,
    0x0, 0x4f, 0x0, 0x7f, 0xff, 0xff, 0xfe, 0x0,
    0x3, 0x6f, 0x32, 0x7d, 0x55, 0x55, 0x8e, 0x0,
    0xf, 0xff, 0xfa, 0x7f, 0xee, 0xee, 0xee, 0x0,
    0x0, 0x4f, 0x0, 0x7c, 0x0, 0x0, 0x4e, 0x0,
    0x0, 0x4f, 0x0, 0x7f, 0xff, 0xff, 0xfe, 0x0,
    0x0, 0x4f, 0x12, 0x0, 0x0, 0x0, 0x0, 0x0,
    0x0, 0x7f, 0xff, 0xff, 0xff, 0xff, 0xff, 0xb0,
    0x1e, 0xff, 0x41, 0x46, 0x26, 0xe2, 0x22, 0x20,
    0x8, 0x7f, 0x0, 0x6d, 0x4, 0xe0, 0x0, 0x0,
    0x0, 0x4f, 0x0, 0xc9, 0x4, 0xff, 0xfe, 0x0,
    0x0, 0x4f, 0x4, 0xfe, 0x34, 0xe2, 0x21, 0x0,
    0x4, 0x7f, 0x1e, 0x97, 0xfd, 0xf5, 0x44, 0x40,
    0xa, 0xfa, 0x4b, 0x0, 0x17, 0xbd, 0xff, 0xf0,

    /* U+6444 "æ" */
    0x0, 0x9a, 0x0, 0x0, 0x0, 0x0, 0x0, 0x0,
    0x0, 0x9a, 0x4, 0xff, 0xff, 0xff, 0xff, 0xa0,
    0x1, 0x9a, 0x10, 0x3f, 0x55, 0x55, 0xd7, 0x10,
    0xc, 0xee, 0xc1, 0x2f, 0x88, 0x88, 0xe6, 0x0,
    0x0, 0x9a, 0x0, 0x2f, 0xcc, 0xcc, 0xf6, 0x0,
    0x0, 0x9a, 0x0, 0x2f, 0x33, 0x33, 0xd6, 0x0,
    0x0, 0x9a, 0x40, 0x4f, 0x56, 0x89, 0xee, 0xe1,
    0x0, 0x9f, 0xe6, 0xed, 0xcb, 0xa9, 0xea, 0x60,
    0x1b, 0xfd, 0x21, 0x44, 0x42, 0x44, 0xe9, 0x20,
    0xa, 0xba, 0x5, 0xcc, 0xe9, 0xbc, 0xcf, 0x90,
    0x0, 0x9a, 0x0, 0xc5, 0xf4, 0x77, 0x1f, 0x30,
    0x0, 0x9a, 0x0, 0x4f, 0xd0, 0x3f, 0xca, 0x0,
    0x1, 0x99, 0x4, 0xdc, 0xc7, 0x5e, 0xfb, 0x40,
    0xd, 0xf6, 0xc, 0x70, 0x2, 0xd6, 0x18, 0xb0,

    /* U+6478 "æ¸" */
    0x0, 0x3f, 0x10, 0x4, 0xf0, 0x5, 0xd0, 0x0,
    0x0, 0x3f, 0x1b, 0xff, 0xff, 0xff, 0xff, 0xf5,
    0x6, 0x8f, 0x74, 0x26, 0xf2, 0x27, 0xd2, 0x20,
    0x2f, 0xff, 0xf5, 0x36, 0xf3, 0x37, 0xe3, 0x10,
    0x1, 0x4f, 0x20, 0xee, 0xdd, 0xdd, 0xdf, 0x70,
    0x0, 0x3f, 0x10, 0xe6, 0x22, 0x22, 0x2c, 0x70,
    0x0, 0x3f, 0x23, 0xee, 0xdd, 0xdd, 0xdf, 0x70,
    0x0, 0x5f, 0xf8, 0xe6, 0x22, 0x22, 0x2c, 0x70,
    0x1d, 0xff, 0x50, 0xce, 0xef, 0xfe, 0xee, 0x60,
    0x6, 0x5f, 0x12, 0x22, 0x2a, 0xc2, 0x22, 0x21,
    0x0, 0x3f, 0x1e, 0xff, 0xff, 0xff, 0xff, 0xf6,
    0x0, 0x3f, 0x10, 0x1, 0xbc, 0x7e, 0x40, 0x0,
    0x5, 0x7f, 0x15, 0x9f, 0xb1, 0x7, 0xfd, 0x72,
    0xc, 0xfa, 0x1d, 0x94, 0x0, 0x0, 0x18, 0xd3,

    /* U+64CD "æ" */
    0x0, 0x9a, 0x0, 0x0, 0x0, 0x0, 0x0, 0x0,
    0x0, 0x9a, 0x0, 0x4f, 0xff, 0xff, 0xf5, 0x0,
    0x1, 0x9a, 0x10, 0x4f, 0x44, 0x44, 0xf5, 0x0,
    0x1f, 0xff, 0xf2, 0x3d, 0xdd, 0xdd, 0xd4, 0x0,
    0x1, 0x9a, 0x12, 0x44, 0x43, 0x14, 0x44, 0x20,
    0x0, 0x9a, 0x7, 0xeb, 0xdb, 0x4e, 0xbe, 0x90,
    0x0, 0x9a, 0x57, 0xc1, 0x9b, 0x4c, 0x1a, 0x90,
    0x3, 0xbf, 0xa6, 0xff, 0xfb, 0x4f, 0xff, 0x80,
    0x2f, 0xfa, 0x0, 0x0, 0x4, 0xe0, 0x0, 0x0,
    0x5, 0x9a, 0x8, 0xff, 0xff, 0xff, 0xff, 0xf1,
    0x0, 0x9a, 0x0, 0x12, 0xaf, 0xfe, 0x31, 0x10,
    0x0, 0x9a, 0x0, 0x3c, 0xd6, 0xe4, 0xe5, 0x0,
    0x2, 0xa9, 0xb, 0xf8, 0x4, 0xe0, 0x3d, 0xd1,
    0xc, 0xf5, 0x4, 0x10, 0x4, 0xe0, 0x0, 0x50,

    /* U+6570 "æ°" */
    0x0, 0x0, 0x0, 0x0, 0x0, 0x0, 0x0, 0x0,
    0x1, 0x70, 0xa8, 0x8, 0x2, 0xe1, 0x0, 0x0,
    0x0, 0xf2, 0xa8, 0x9b, 0x5, 0xf0, 0x0, 0x0,
    0x2, 0x84, 0xb9, 0x44, 0x19, 0xd3, 0x33, 0x30,
    0xc, 0xee, 0xff, 0xee, 0x7d, 0xff, 0xff, 0xd0,
    0x0, 0xc, 0xf8, 0x60, 0x2f, 0x30, 0x2f, 0x10,
    0x3, 0xcb, 0xa8, 0x8a, 0x8f, 0x0, 0x4f, 0x0,
    0x9, 0xa0, 0x64, 0x2, 0xef, 0x60, 0x8d, 0x0,
    0x0, 0x4, 0xe0, 0x1, 0xd9, 0xc0, 0xc9, 0x0,
    0xf, 0xff, 0xff, 0xf9, 0x1, 0xf6, 0xf5, 0x0,
    0x0, 0x7d, 0x12, 0xf5, 0x0, 0x9f, 0xe0, 0x0,
    0x2, 0xf9, 0xa, 0xb0, 0x0, 0x4f, 0x90, 0x0,
    0x0, 0x7e, 0xef, 0x10, 0x2, 0xee, 0xf5, 0x0,
    0x0, 0x2c, 0xef, 0xb2, 0x3e, 0xd1, 0x9f, 0x60,
    0xb, 0xf8, 0x2, 0xc6, 0xfc, 0x10, 0x9, 0xf1,
    0x4, 0x0, 0x0, 0x0, 0x30, 0x0, 0x0, 0x20,

    /* U+65B0 "æ°" */
    0x0, 0x0, 0x20, 0x0, 0x0, 0x0, 0x0, 0x0,
    0x0, 0x4, 0xe1, 0x0, 0x0, 0x14, 0x6a, 0xa0,
    0x7, 0xcc, 0xfd, 0xcc, 0x3e, 0xfd, 0xb8, 0x40,
    0x2, 0xbb, 0x44, 0xe9, 0x1e, 0x50, 0x0, 0x0,
    0x0, 0x5d, 0x2, 0xf1, 0xe, 0x50, 0x0, 0x0,
    0x0, 0xf, 0x18, 0xa0, 0xe, 0x50, 0x0, 0x0,
    0xf, 0xff, 0xff, 0xff, 0x5f, 0xee, 0xee, 0xe2,
    0x1, 0x11, 0xf6, 0x11, 0xf, 0x72, 0x5e, 0x20,
    0x1, 0x11, 0xf6, 0x11, 0xf, 0x40, 0x3e, 0x0,
    0xa, 0xff, 0xff, 0xfe, 0x1f, 0x30, 0x3e, 0x0,
    0x0, 0x41, 0xf5, 0x40, 0x2f, 0x20, 0x3e, 0x0,
    0x2, 0xf2, 0xf6, 0xd6, 0x5f, 0x0, 0x3e, 0x0,
    0x1e, 0x70, 0xf5, 0x3a, 0xac, 0x0, 0x3e, 0x0,
    0x4, 0x22, 0xf4, 0x2, 0xf5, 0x0, 0x3e, 0x0,
    0x0, 0x6f, 0xd1, 0x2, 0xb0, 0x0, 0x3e, 0x0,

    /* U+65E0 "æ " */
    0x2, 0xff, 0xff, 0xff, 0xff, 0xff, 0xff, 0x10,
    0x0, 0x33, 0x33, 0x3f, 0x63, 0x33, 0x33, 0x0,
    0x0, 0x0, 0x0, 0x1f, 0x30, 0x0, 0x0, 0x0,
    0x0, 0x0, 0x0, 0x2f, 0x10, 0x0, 0x0, 0x0,
    0x4, 0x44, 0x44, 0x7f, 0x54, 0x44, 0x44, 0x30,
    0xd, 0xee, 0xee, 0xff, 0xff, 0xee, 0xee, 0xc0,
    0x0, 0x0, 0x0, 0xd8, 0xa9, 0x0, 0x0, 0x0,
    0x0, 0x0, 0x3, 0xf3, 0xa9, 0x0, 0x0, 0x0,
    0x0, 0x0, 0xd, 0xb0, 0xa9, 0x0, 0x0, 0x0,
    0x0, 0x0, 0x9f, 0x10, 0xa9, 0x0, 0x0, 0x0,
    0x0, 0xa, 0xf4, 0x0, 0xa9, 0x0, 0x4, 0xe0,
    0x2, 0xcf, 0x40, 0x0, 0xab, 0x33, 0x3b, 0xe0,
    0xd, 0xc2, 0x0, 0x0, 0x5e, 0xff, 0xfd, 0x50,
    0x1, 0x0, 0x0, 0x0, 0x0, 0x0, 0x0, 0x0,

    /* U+65E5 "æ¥" */
    0x4f, 0xff, 0xff, 0xff, 0xff, 0xf3, 0x4f, 0x33,
    0x33, 0x33, 0x33, 0xf3, 0x4f, 0x0, 0x0, 0x0,
    0x1, 0xf3, 0x4f, 0x0, 0x0, 0x0, 0x1, 0xf3,
    0x4f, 0x0, 0x0, 0x0, 0x1, 0xf3, 0x4f, 0xee,
    0xee, 0xee, 0xee, 0xf3, 0x4f, 0x44, 0x44, 0x44,
    0x45, 0xf3, 0x4f, 0x0, 0x0, 0x0, 0x1, 0xf3,
    0x4f, 0x0, 0x0, 0x0, 0x1, 0xf3, 0x4f, 0x0,
    0x0, 0x0, 0x1, 0xf3, 0x4f, 0x0, 0x0, 0x0,
    0x1, 0xf3, 0x4f, 0xff, 0xff, 0xff, 0xff, 0xf3,
    0x4f, 0x33, 0x33, 0x33, 0x34, 0xf3,

    /* U+65F6 "æ¶" */
    0x0, 0x0, 0x0, 0x0, 0x0, 0x1f, 0x20, 0xc,
    0xee, 0xee, 0x20, 0x0, 0x1, 0xf2, 0x0, 0xe6,
    0x33, 0xf3, 0x0, 0x0, 0x1f, 0x20, 0xe, 0x40,
    0xf, 0x6e, 0xee, 0xee, 0xfe, 0xe0, 0xe4, 0x0,
    0xf4, 0x44, 0x44, 0x5f, 0x64, 0xe, 0x62, 0x2f,
    0x30, 0x20, 0x1, 0xf2, 0x0, 0xef, 0xff, 0xf3,
    0x5f, 0x10, 0x1f, 0x20, 0xe, 0x40, 0xf, 0x30,
    0xca, 0x1, 0xf2, 0x0, 0xe4, 0x0, 0xf3, 0x5,
    0xf1, 0x1f, 0x20, 0xe, 0x40, 0xf, 0x30, 0xd,
    0x51, 0xf2, 0x0, 0xee, 0xee, 0xf3, 0x0, 0x0,
    0x1f, 0x20, 0xe, 0x63, 0x3f, 0x30, 0x0, 0x1,
    0xf2, 0x0, 0xb3, 0x0, 0x41, 0x0, 0x13, 0x6f,
    0x10, 0x0, 0x0, 0x0, 0x0, 0x6, 0xef, 0xb0,
    0x0,

    /* U+663E "æ¾" */
    0x0, 0x5f, 0xff, 0xff, 0xff, 0xff, 0xf5, 0x0,
    0x0, 0x5f, 0x33, 0x33, 0x33, 0x33, 0xf5, 0x0,
    0x0, 0x5f, 0xee, 0xee, 0xee, 0xee, 0xf5, 0x0,
    0x0, 0x5f, 0x22, 0x22, 0x22, 0x22, 0xf5, 0x0,
    0x0, 0x5f, 0x22, 0x22, 0x22, 0x22, 0xf5, 0x0,
    0x0, 0x5f, 0xff, 0xff, 0xff, 0xff, 0xf5, 0x0,
    0x0, 0x1, 0x11, 0x31, 0x13, 0x11, 0x10, 0x0,
    0x0, 0x75, 0x2, 0xf2, 0xf, 0x40, 0x46, 0x0,
    0x0, 0x7e, 0x12, 0xf2, 0xf, 0x40, 0xe8, 0x0,
    0x0, 0xd, 0x82, 0xf2, 0xf, 0x49, 0xd0, 0x0,
    0x0, 0x6, 0xa2, 0xf2, 0xf, 0x4a, 0x20, 0x0,
    0x3, 0x33, 0x35, 0xf5, 0x3f, 0x63, 0x33, 0x30,
    0x1e, 0xee, 0xee, 0xee, 0xee, 0xee, 0xee, 0xe1,

    /* U+6682 "æ" */
    0x0, 0x1, 0x0, 0x0, 0x0, 0x0, 0x0, 0x0,
    0x0, 0xc8, 0x0, 0x0, 0x1, 0x36, 0x92, 0xe,
    0xff, 0xff, 0xff, 0x2f, 0xfe, 0xc9, 0x30, 0x1d,
    0x93, 0x40, 0x0, 0xf2, 0x0, 0x0, 0x7, 0xf2,
    0x99, 0x0, 0xf, 0x87, 0x77, 0x60, 0x9f, 0xff,
    0xff, 0xc1, 0xfa, 0xaf, 0xb9, 0x0, 0x0, 0x89,
    0x3, 0x3f, 0x0, 0xf4, 0x0, 0x8a, 0xbe, 0xff,
    0xda, 0xc0, 0xf, 0x40, 0x9, 0x87, 0xba, 0x4,
    0xf5, 0x0, 0xf4, 0x0, 0x0, 0x14, 0x51, 0x37,
    0x11, 0x17, 0x20, 0x0, 0x9f, 0xee, 0xee, 0xee,
    0xee, 0xf5, 0x0, 0x9, 0x80, 0x0, 0x0, 0x0,
    0xd, 0x50, 0x0, 0x9f, 0xff, 0xff, 0xff, 0xff,
    0xf5, 0x0, 0x9, 0x80, 0x0, 0x0, 0x0, 0xd,
    0x50, 0x0, 0x9f, 0xff, 0xff, 0xff, 0xff, 0xf5,
    0x0,

    /* U+672A "æª" */
    0x0, 0x0, 0x0, 0xe, 0x50, 0x0, 0x0, 0x0,
    0x0, 0x0, 0x0, 0xe5, 0x0, 0x0, 0x0, 0x0,
    0x55, 0x55, 0x5f, 0x95, 0x55, 0x52, 0x0, 0xd,
    0xdd, 0xdd, 0xfe, 0xdd, 0xdd, 0x70, 0x0, 0x0,
    0x0, 0xe, 0x50, 0x0, 0x0, 0x0, 0x1, 0x11,
    0x11, 0xe6, 0x11, 0x11, 0x10, 0xc, 0xff, 0xff,
    0xff, 0xff, 0xff, 0xff, 0x20, 0x12, 0x22, 0x4f,
    0xff, 0x92, 0x22, 0x20, 0x0, 0x0, 0xd, 0x9e,
    0x8f, 0x40, 0x0, 0x0, 0x0, 0x1c, 0xc0, 0xe5,
    0x6f, 0x50, 0x0, 0x0, 0x3e, 0xc0, 0xe, 0x50,
    0x6f, 0x90, 0x1, 0x9f, 0xa0, 0x0, 0xe5, 0x0,
    0x4e, 0xe7, 0x2d, 0x50, 0x0, 0xe, 0x50, 0x0,
    0x19, 0x90, 0x0, 0x0, 0x0, 0xe5, 0x0, 0x0,
    0x0,

    /* U+679C "æ" */
    0x0, 0xaf, 0xff, 0xff, 0xff, 0xff, 0xf9, 0x0,
    0x0, 0xab, 0x33, 0x3b, 0xa3, 0x33, 0xb9, 0x0,
    0x0, 0xaf, 0xdd, 0xdf, 0xed, 0xdd, 0xf9, 0x0,
    0x0, 0xab, 0x33, 0x3c, 0xa3, 0x33, 0xc9, 0x0,
    0x0, 0xab, 0x44, 0x4c, 0xa4, 0x44, 0xc9, 0x0,
    0x0, 0x9e, 0xee, 0xef, 0xfe, 0xee, 0xe8, 0x0,
    0x0, 0x0, 0x0, 0xb, 0x90, 0x0, 0x0, 0x0,
    0xe, 0xee, 0xee, 0xef, 0xfe, 0xee, 0xee, 0xe0,
    0x4, 0x44, 0x47, 0xff, 0xff, 0x64, 0x44, 0x40,
    0x0, 0x0, 0x5f, 0x8b, 0x9a, 0xe4, 0x0, 0x0,
    0x0, 0x3b, 0xf6, 0xb, 0x90, 0x7f, 0xb4, 0x0,
    0xb, 0xfb, 0x20, 0xb, 0x90, 0x2, 0xbf, 0xd0,
    0x4, 0x30, 0x0, 0xb, 0x90, 0x0, 0x3, 0x40,

    /* U+67E5 "æ¥" */
    0x0, 0x0, 0x0, 0xa, 0xa0, 0x0, 0x0, 0x0,
    0x1, 0xff, 0xff, 0xff, 0xff, 0xff, 0xff, 0x10,
    0x0, 0x22, 0x25, 0xfe, 0xee, 0x42, 0x22, 0x0,
    0x0, 0x0, 0x6f, 0x8a, 0xa7, 0xe6, 0x0, 0x0,
    0x0, 0x4c, 0xf6, 0xa, 0xa0, 0x5f, 0xd5, 0x0,
    0xc, 0xfb, 0x20, 0xa, 0xa0, 0x1, 0xaf, 0xd0,
    0x4, 0x54, 0x44, 0x45, 0x54, 0x44, 0x42, 0x40,
    0x0, 0x3f, 0xcc, 0xcc, 0xcc, 0xcc, 0xf3, 0x0,
    0x0, 0x3f, 0x21, 0x11, 0x11, 0x12, 0xf3, 0x0,
    0x0, 0x3f, 0xff, 0xff, 0xff, 0xff, 0xf3, 0x0,
    0x0, 0x3f, 0x10, 0x0, 0x0, 0x1, 0xf3, 0x0,
    0x0, 0x2f, 0xff, 0xff, 0xff, 0xff, 0xf2, 0x0,
    0x3, 0x33, 0x33, 0x33, 0x33, 0x33, 0x33, 0x30,
    0xf, 0xff, 0xff, 0xff, 0xff, 0xff, 0xff, 0xe0,

    /* U+6807 "æ " */
    0x0, 0xf, 0x40, 0x0, 0x0, 0x0, 0x0, 0x0,
    0x0, 0xf, 0x40, 0xe, 0xff, 0xff, 0xfd, 0x0,
    0x0, 0xf, 0x40, 0x2, 0x33, 0x33, 0x32, 0x0,
    0xd, 0xef, 0xee, 0x10, 0x0, 0x0, 0x0, 0x0,
    0x4, 0x6f, 0x75, 0x55, 0x55, 0x55, 0x55, 0x40,
    0x0, 0x5f, 0x90, 0xad, 0xde, 0xfd, 0xdd, 0xc0,
    0x0, 0xaf, 0xf5, 0x0, 0x3, 0xf1, 0x0, 0x0,
    0x1, 0xff, 0x8f, 0x16, 0x23, 0xf1, 0x73, 0x0,
    0x8, 0xbf, 0x46, 0x1f, 0x53, 0xf1, 0xbc, 0x0,
    0x2f, 0x3f, 0x40, 0x7e, 0x3, 0xf1, 0x2f, 0x40,
    0x16, 0xf, 0x41, 0xf7, 0x3, 0xf1, 0xb, 0xb0,
    0x0, 0xf, 0x47, 0xe0, 0x3, 0xf1, 0x5, 0xf0,
    0x0, 0xf, 0x40, 0x22, 0x58, 0xf0, 0x0, 0x20,
    0x0, 0xf, 0x40, 0x2, 0xef, 0xa0, 0x0, 0x0,

    /* U+6838 "æ ¸" */
    0x0, 0x0, 0x0, 0x0, 0x0, 0x0, 0x0, 0x0,
    0x0, 0xf, 0x40, 0x0, 0x5, 0xd0, 0x0, 0x0,
    0x0, 0xf, 0x40, 0x0, 0x1, 0xf5, 0x0, 0x0,
    0x0, 0x1f, 0x41, 0x6e, 0xee, 0xff, 0xee, 0xe0,
    0xf, 0xff, 0xff, 0x45, 0x8f, 0x65, 0x55, 0x50,
    0x1, 0x4f, 0x52, 0x0, 0xda, 0x1, 0xd2, 0x0,
    0x0, 0x6f, 0xb0, 0xa, 0xd1, 0x19, 0xd0, 0x0,
    0x0, 0xbf, 0xe8, 0x2f, 0xed, 0xef, 0x44, 0x30,
    0x1, 0xff, 0x6f, 0x21, 0x5, 0xf7, 0x1f, 0x80,
    0x9, 0xaf, 0x44, 0x0, 0x8f, 0x70, 0xbd, 0x0,
    0x2f, 0x3f, 0x40, 0x5e, 0xe4, 0x9, 0xf3, 0x0,
    0x16, 0xf, 0x40, 0x36, 0x0, 0xaf, 0xb0, 0x0,
    0x0, 0xf, 0x40, 0x0, 0x3d, 0xd6, 0xec, 0x10,
    0x0, 0xf, 0x40, 0x3b, 0xf9, 0x0, 0x1d, 0xc0,
    0x0, 0xf, 0x40, 0x99, 0x20, 0x0, 0x1, 0x80,

    /* U+6846 "æ¡" */
    0x0, 0xf, 0x30, 0x0, 0x0, 0x0, 0x0, 0x0,
    0x0, 0xf, 0x30, 0xcf, 0xff, 0xff, 0xff, 0xf3,
    0x1, 0x2f, 0x41, 0xc9, 0x33, 0x33, 0x33, 0x30,
    0xc, 0xef, 0xed, 0xc8, 0xbf, 0xff, 0xff, 0x30,
    0x0, 0x3f, 0x30, 0xc8, 0x23, 0x7f, 0x33, 0x0,
    0x0, 0x7f, 0xa0, 0xc8, 0x0, 0x5f, 0x0, 0x0,
    0x0, 0xcf, 0xf5, 0xc8, 0x12, 0x6f, 0x22, 0x0,
    0x1, 0xff, 0x9e, 0xc8, 0x7f, 0xff, 0xff, 0x0,
    0x8, 0xbf, 0x37, 0xc8, 0x0, 0x5f, 0x0, 0x0,
    0x1f, 0x4f, 0x30, 0xc8, 0x0, 0x5f, 0x0, 0x0,
    0x19, 0xf, 0x30, 0xc8, 0xff, 0xff, 0xff, 0x90,
    0x0, 0xf, 0x30, 0xc8, 0x22, 0x22, 0x22, 0x10,
    0x0, 0xf, 0x30, 0xc9, 0x33, 0x33, 0x33, 0x30,
    0x0, 0xf, 0x30, 0xcf, 0xff, 0xff, 0xff, 0xf3,

    /* U+68C0 "æ£" */
    0x0, 0xf, 0x40, 0x0, 0x3, 0xd1, 0x0, 0x0,
    0x0, 0xf, 0x40, 0x0, 0xc, 0xf8, 0x0, 0x0,
    0x2, 0x2f, 0x62, 0x0, 0x9d, 0x4f, 0x80, 0x0,
    0xf, 0xff, 0xff, 0x27, 0xf2, 0x5, 0xfa, 0x0,
    0x0, 0x2f, 0x40, 0x9f, 0x50, 0x0, 0x4f, 0xe1,
    0x0, 0x6f, 0xc0, 0xa4, 0xef, 0xff, 0xf3, 0x90,
    0x0, 0xbf, 0xe8, 0x0, 0x23, 0x22, 0x20, 0x0,
    0x1, 0xff, 0x7f, 0x45, 0xf, 0x30, 0x77, 0x0,
    0x8, 0xaf, 0x46, 0x3f, 0x1c, 0x80, 0xd9, 0x0,
    0x1f, 0x4f, 0x40, 0xe, 0x69, 0xb1, 0xf4, 0x0,
    0x2a, 0xf, 0x40, 0xa, 0xa6, 0xd6, 0xe0, 0x0,
    0x0, 0xf, 0x40, 0x5, 0x60, 0xc, 0x70, 0x0,
    0x0, 0xf, 0x40, 0x23, 0x33, 0x4f, 0x53, 0x30,
    0x0, 0xf, 0x40, 0x9f, 0xff, 0xff, 0xff, 0xd0,

    /* U+6A21 "æ¨¡" */
    0x0, 0xf, 0x40, 0x0, 0x5d, 0x3, 0xf0, 0x0,
    0x0, 0xf, 0x40, 0xbf, 0xff, 0xff, 0xff, 0xf2,
    0x0, 0x1f, 0x41, 0x22, 0x7d, 0x25, 0xf2, 0x20,
    0xf, 0xff, 0xff, 0x23, 0x7e, 0x35, 0xf3, 0x10,
    0x5, 0x6f, 0x85, 0xe, 0xed, 0xdd, 0xdf, 0x70,
    0x0, 0x5f, 0x80, 0xe, 0x72, 0x22, 0x2c, 0x70,
    0x0, 0x9f, 0xf4, 0xe, 0xdc, 0xcc, 0xcf, 0x70,
    0x0, 0xef, 0x9e, 0x1e, 0x72, 0x22, 0x2c, 0x70,
    0x7, 0xcf, 0x4a, 0xd, 0xee, 0xfe, 0xee, 0x60,
    0x1e, 0x5f, 0x40, 0x22, 0x22, 0xe5, 0x22, 0x20,
    0x2b, 0xf, 0x40, 0xcf, 0xff, 0xff, 0xff, 0xf2,
    0x0, 0xf, 0x40, 0x0, 0x1c, 0x9e, 0x50, 0x0,
    0x0, 0xf, 0x40, 0x28, 0xea, 0x3, 0xeb, 0x50,
    0x0, 0xf, 0x41, 0xda, 0x40, 0x0, 0x18, 0xd1,

    /* U+6B63 "æ­£" */
    0x7, 0xff, 0xff, 0xff, 0xff, 0xff, 0xff, 0xb0,
    0x1, 0x33, 0x33, 0x35, 0xf3, 0x33, 0x33, 0x20,
    0x0, 0x0, 0x0, 0x3, 0xf1, 0x0, 0x0, 0x0,
    0x0, 0x4, 0x20, 0x3, 0xf1, 0x0, 0x0, 0x0,
    0x0, 0xd, 0x70, 0x3, 0xf1, 0x0, 0x0, 0x0,
    0x0, 0xd, 0x70, 0x3, 0xff, 0xff, 0xff, 0x30,
    0x0, 0xd, 0x70, 0x3, 0xf4, 0x33, 0x33, 0x0,
    0x0, 0xd, 0x70, 0x3, 0xf1, 0x0, 0x0, 0x0,
    0x0, 0xd, 0x70, 0x3, 0xf1, 0x0, 0x0, 0x0,
    0x0, 0xd, 0x70, 0x3, 0xf1, 0x0, 0x0, 0x0,
    0x0, 0xd, 0x70, 0x3, 0xf1, 0x0, 0x0, 0x0,
    0x3, 0x3d, 0x93, 0x36, 0xf4, 0x33, 0x33, 0x30,
    0x2f, 0xff, 0xff, 0xff, 0xff, 0xff, 0xff, 0xf2,

    /* U+6BB5 "æ®µ" */
    0x0, 0x0, 0x3, 0x60, 0x0, 0x0, 0x0, 0x0,
    0x1, 0xbd, 0xff, 0xc3, 0xf, 0xff, 0xf7, 0x0,
    0x2, 0xf5, 0x10, 0x0, 0xf, 0x53, 0xd7, 0x0,
    0x2, 0xf4, 0x22, 0x20, 0x1f, 0x10, 0xc7, 0x0,
    0x2, 0xff, 0xff, 0xd0, 0x5d, 0x0, 0xc7, 0x0,
    0x2, 0xf2, 0x0, 0x0, 0xd7, 0x0, 0x9f, 0xd0,
    0x2, 0xf3, 0x22, 0x10, 0x63, 0x33, 0x34, 0x20,
    0x2, 0xff, 0xff, 0xe0, 0xef, 0xff, 0xff, 0x20,
    0x2, 0xf2, 0x0, 0x0, 0x1f, 0x20, 0x6f, 0x0,
    0x2, 0xf2, 0x13, 0x62, 0xb, 0xa0, 0xca, 0x0,
    0x29, 0xfe, 0xfd, 0xa3, 0x2, 0xfb, 0xf2, 0x0,
    0x1b, 0xf5, 0x10, 0x0, 0x0, 0xbf, 0xb0, 0x0,
    0x2, 0xf2, 0x0, 0x0, 0x6d, 0xe8, 0xed, 0x60,
    0x2, 0xf2, 0x0, 0x1, 0xe8, 0x10, 0x19, 0xd0,
    0x0, 0x0, 0x0, 0x0, 0x0, 0x0, 0x0, 0x0,

    /* U+6D3E "æ´¾" */
    0x2, 0x91, 0x0, 0x0, 0x1, 0x36, 0x8a, 0x20,
    0x2, 0xde, 0x33, 0xce, 0xff, 0xfe, 0xb8, 0x40,
    0x0, 0xb, 0x65, 0xf5, 0x32, 0x0, 0x0, 0x0,
    0x0, 0x0, 0x5, 0xf0, 0x12, 0x46, 0x9e, 0x70,
    0xa, 0x50, 0x5, 0xf0, 0xff, 0xfd, 0x95, 0x10,
    0x7, 0xf9, 0x5, 0xf0, 0xf5, 0x98, 0x0, 0x0,
    0x0, 0x33, 0x5, 0xe0, 0xf5, 0x7b, 0x2, 0xd0,
    0x0, 0x0, 0x5, 0xe0, 0xf5, 0x4f, 0x1d, 0x90,
    0x0, 0x1a, 0x6, 0xd0, 0xf5, 0x1f, 0xeb, 0x0,
    0x0, 0x7e, 0x9, 0xb0, 0xf5, 0xc, 0xc0, 0x0,
    0x0, 0xd9, 0xc, 0x80, 0xf5, 0x5, 0xf2, 0x0,
    0x4, 0xf3, 0x2f, 0x30, 0xf5, 0x1, 0xcc, 0x0,
    0xc, 0xd0, 0x8e, 0x0, 0xf9, 0xcc, 0x3f, 0x90,
    0x2f, 0x50, 0xf6, 0x0, 0xee, 0x71, 0x5, 0xe1,
    0x2, 0x0, 0x20, 0x0, 0x10, 0x0, 0x0, 0x10,

    /* U+6D41 "æµ" */
    0x2, 0x91, 0x0, 0x0, 0x2d, 0x10, 0x0, 0x0,
    0x2, 0xde, 0x31, 0x22, 0x2d, 0xa2, 0x22, 0x20,
    0x0, 0xb, 0x68, 0xff, 0xff, 0xff, 0xff, 0xe0,
    0x0, 0x0, 0x0, 0x1, 0xf6, 0x0, 0x40, 0x0,
    0xa, 0x50, 0x0, 0xc, 0xb0, 0x4, 0xf4, 0x0,
    0x7, 0xf9, 0x0, 0xad, 0x33, 0x57, 0xee, 0x0,
    0x0, 0x33, 0x4, 0xff, 0xfe, 0xca, 0x8e, 0x70,
    0x0, 0x2, 0x0, 0x3a, 0x6, 0x32, 0x81, 0x0,
    0x0, 0x4f, 0x0, 0x3f, 0xc, 0x73, 0xf0, 0x0,
    0x0, 0x9b, 0x0, 0x5e, 0xc, 0x73, 0xf0, 0x0,
    0x0, 0xf6, 0x0, 0x9b, 0xc, 0x73, 0xf0, 0x0,
    0x7, 0xf1, 0x2, 0xf5, 0xc, 0x73, 0xf0, 0x50,
    0xe, 0x90, 0x1c, 0xc0, 0xc, 0x73, 0xf5, 0xf2,
    0x1b, 0x20, 0x4c, 0x10, 0xc, 0x71, 0xdf, 0xb0,
    0x0, 0x0, 0x0, 0x0, 0x0, 0x0, 0x0, 0x0,

    /* U+6D4B "æµ" */
    0x2, 0x50, 0x0, 0x0, 0x0, 0x0, 0x4, 0xe0,
    0x5f, 0x64, 0xff, 0xff, 0xf3, 0x21, 0x4e, 0x0,
    0x6d, 0x4e, 0x22, 0x2f, 0x3c, 0x64, 0xe0, 0x0,
    0x4, 0xe0, 0x80, 0xf3, 0xc6, 0x4e, 0x9, 0x30,
    0x4e, 0x1f, 0x1f, 0x3c, 0x64, 0xe0, 0x7f, 0x64,
    0xe2, 0xf1, 0xf3, 0xc6, 0x4e, 0x0, 0x65, 0x4e,
    0x2f, 0xf, 0x3c, 0x64, 0xe0, 0x0, 0x4, 0xe2,
    0xf0, 0xf3, 0xc6, 0x4e, 0x0, 0x25, 0x4e, 0x3e,
    0xf, 0x3c, 0x64, 0xe0, 0x8, 0xb4, 0xe5, 0xc0,
    0xf3, 0xc6, 0x4e, 0x0, 0xd6, 0x29, 0xa7, 0x8,
    0x2b, 0x64, 0xe0, 0x4f, 0x10, 0x3f, 0x2d, 0x30,
    0x0, 0x4e, 0xc, 0xa0, 0x2e, 0x80, 0x6e, 0x13,
    0x58, 0xe0, 0xb2, 0x5, 0x90, 0x0, 0xa3, 0x4d,
    0xf8, 0x0, 0x0, 0x0, 0x0, 0x0, 0x0, 0x0,
    0x0,

    /* U+6D88 "æ¶" */
    0x2, 0x91, 0x0, 0x70, 0x4, 0xe0, 0x8, 0x0,
    0x2d, 0xe3, 0x1e, 0x90, 0x4e, 0x7, 0xc0, 0x0,
    0xb, 0x60, 0x3f, 0x24, 0xe1, 0xf3, 0x0, 0x0,
    0x0, 0x1, 0x21, 0x5e, 0x13, 0x10, 0x9, 0x40,
    0x0, 0xff, 0xff, 0xff, 0xff, 0x30, 0x8f, 0x80,
    0xf, 0x20, 0x0, 0x0, 0xe3, 0x0, 0x55, 0x0,
    0xf4, 0x22, 0x22, 0x2e, 0x30, 0x0, 0x0, 0xf,
    0xff, 0xff, 0xff, 0xf3, 0x0, 0x18, 0x0, 0xf2,
    0x0, 0x0, 0xe, 0x30, 0x7, 0xe0, 0xf, 0x42,
    0x22, 0x22, 0xe3, 0x0, 0xd9, 0x0, 0xff, 0xff,
    0xff, 0xff, 0x30, 0x6f, 0x30, 0xf, 0x20, 0x0,
    0x0, 0xe3, 0xe, 0xb0, 0x0, 0xf2, 0x0, 0x3,
    0x2f, 0x31, 0xb3, 0x0, 0xf, 0x20, 0x0, 0xff,
    0xd0, 0x0, 0x0, 0x0, 0x10, 0x0, 0x0, 0x0,
    0x0,

    /* U+6E05 "æ¸" */
    0x2, 0xa2, 0x0, 0x0, 0xb, 0x90, 0x0, 0x0,
    0x2, 0xdf, 0x28, 0xff, 0xff, 0xff, 0xff, 0xc0,
    0x0, 0x7, 0x0, 0x0, 0xb, 0x90, 0x0, 0x0,
    0x0, 0x0, 0x0, 0xdf, 0xff, 0xff, 0xff, 0x30,
    0xb, 0x60, 0x0, 0x11, 0x1b, 0x91, 0x11, 0x0,
    0x5, 0xf9, 0xf, 0xff, 0xff, 0xff, 0xff, 0xf2,
    0x0, 0x22, 0x1, 0x11, 0x11, 0x11, 0x11, 0x10,
    0x0, 0x0, 0x0, 0xef, 0xff, 0xff, 0xff, 0x0,
    0x0, 0x8, 0xa0, 0xf5, 0x0, 0x0, 0x4f, 0x0,
    0x0, 0x1f, 0x60, 0xff, 0xff, 0xff, 0xff, 0x0,
    0x0, 0x8e, 0x0, 0xf5, 0x0, 0x0, 0x4f, 0x0,
    0x2, 0xf8, 0x0, 0xff, 0xff, 0xff, 0xff, 0x0,
    0xc, 0xe0, 0x0, 0xf5, 0x0, 0x14, 0x7f, 0x0,
    0x8, 0x50, 0x0, 0xf5, 0x0, 0xe, 0xf9, 0x0,

    /* U+70B9 "ç¹" */
    0x0, 0x0, 0x0, 0xe5, 0x0, 0x0, 0x0, 0x0,
    0x0, 0x0, 0xe, 0x73, 0x33, 0x33, 0x10, 0x0,
    0x0, 0x0, 0xef, 0xff, 0xff, 0xf6, 0x0, 0x0,
    0x0, 0xe, 0x50, 0x0, 0x0, 0x0, 0x0, 0x0,
    0x0, 0xe5, 0x0, 0x0, 0x0, 0x0, 0x5f, 0xff,
    0xff, 0xff, 0xff, 0xfe, 0x0, 0x5, 0xe3, 0x33,
    0x33, 0x33, 0x37, 0xe0, 0x0, 0x5e, 0x0, 0x0,
    0x0, 0x0, 0x5e, 0x0, 0x5, 0xe3, 0x33, 0x33,
    0x33, 0x37, 0xe0, 0x0, 0x5f, 0xff, 0xff, 0xff,
    0xff, 0xfe, 0x0, 0x1, 0x10, 0x0, 0x0, 0x0,
    0x0, 0x40, 0x0, 0x9d, 0xb, 0x70, 0x3f, 0x50,
    0x3f, 0x20, 0x3f, 0x50, 0x7e, 0x0, 0xbe, 0x0,
    0xa9, 0xa, 0xc0, 0x2, 0xf4, 0x3, 0xe3, 0x3,
    0xf0, 0x1, 0x0, 0x2, 0x0, 0x0, 0x0, 0x2,
    0x0,

    /* U+7136 "ç¶" */
    0x0, 0x0, 0x0, 0x0, 0x0, 0x0, 0x0, 0x0,
    0x0, 0x4, 0xd0, 0x0, 0x0, 0xa8, 0x66, 0x0,
    0x0, 0xb, 0xe9, 0x98, 0x0, 0xa8, 0x4f, 0x30,
    0x0, 0x3f, 0x88, 0xcc, 0x0, 0xa8, 0x4, 0x0,
    0x0, 0xcf, 0x80, 0xb9, 0xff, 0xff, 0xff, 0x80,
    0x8, 0xf4, 0xd6, 0xf5, 0x22, 0xef, 0x32, 0x10,
    0xd, 0xdb, 0x16, 0xf0, 0x1, 0xff, 0x40, 0x0,
    0x0, 0x1c, 0x7e, 0x80, 0x8, 0xd9, 0xb0, 0x0,
    0x0, 0x1, 0xbe, 0x10, 0x2f, 0x51, 0xf4, 0x0,
    0x0, 0x1a, 0xf3, 0x2, 0xda, 0x0, 0x7e, 0x30,
    0x1, 0xee, 0x30, 0x1f, 0x90, 0x0, 0xa, 0xd0,
    0x0, 0x61, 0x0, 0x2, 0x0, 0x0, 0x22, 0x20,
    0x0, 0x8c, 0x5, 0xa0, 0x4e, 0x0, 0xcd, 0x0,
    0x5, 0xf5, 0x5, 0xf1, 0xd, 0x80, 0x1f, 0x80,
    0xc, 0x90, 0x2, 0xd2, 0x6, 0x90, 0x7, 0xa0,
    0x0, 0x0, 0x0, 0x0, 0x0, 0x0, 0x0, 0x0,

    /* U+7247 "ç" */
    0x0, 0x0, 0x0, 0x0, 0x1, 0x0, 0x0, 0x0,
    0x2, 0xf2, 0x0, 0x4, 0xf0, 0x0, 0x0, 0x0,
    0x2f, 0x20, 0x0, 0x4f, 0x0, 0x0, 0x0, 0x2,
    0xf2, 0x0, 0x4, 0xf0, 0x0, 0x0, 0x0, 0x2f,
    0x20, 0x0, 0x4f, 0x0, 0x0, 0x0, 0x2, 0xff,
    0xff, 0xff, 0xff, 0xff, 0xf5, 0x0, 0x2f, 0x43,
    0x33, 0x33, 0x33, 0x33, 0x0, 0x2, 0xf2, 0x0,
    0x0, 0x0, 0x0, 0x0, 0x0, 0x2f, 0x53, 0x33,
    0x33, 0x33, 0x0, 0x0, 0x4, 0xff, 0xff, 0xff,
    0xff, 0xe0, 0x0, 0x0, 0x7e, 0x0, 0x0, 0x0,
    0x6e, 0x0, 0x0, 0xb, 0xa0, 0x0, 0x0, 0x6,
    0xe0, 0x0, 0x2, 0xf4, 0x0, 0x0, 0x0, 0x6e,
    0x0, 0x0, 0xcc, 0x0, 0x0, 0x0, 0x6, 0xe0,
    0x0, 0x1c, 0x20, 0x0, 0x0, 0x0, 0x6e, 0x0,
    0x0,

    /* U+7269 "ç©" */
    0x2, 0xe, 0x60, 0x0, 0xd3, 0x0, 0x0, 0x0,
    0xa8, 0xe6, 0x0, 0x6f, 0x0, 0x0, 0x0, 0xc,
    0x5e, 0x60, 0xc, 0xfe, 0xee, 0xee, 0xb0, 0xff,
    0xff, 0xa6, 0xf3, 0xe6, 0xac, 0x8c, 0x3f, 0x4e,
    0x84, 0xf8, 0xf, 0x2b, 0x97, 0xc7, 0xb0, 0xe6,
    0x3a, 0x5, 0xe0, 0xe6, 0x7c, 0x46, 0xe, 0x60,
    0x0, 0xc8, 0x2f, 0x28, 0xb0, 0x0, 0xeb, 0xa0,
    0x6f, 0x19, 0xd0, 0x9a, 0x0, 0x5f, 0xe4, 0x3f,
    0x51, 0xe6, 0xa, 0xa3, 0xef, 0xf6, 0x4f, 0x70,
    0xad, 0x0, 0xb9, 0x17, 0x1e, 0x60, 0x40, 0x6f,
    0x30, 0xd, 0x70, 0x0, 0xe6, 0x0, 0x6f, 0x60,
    0x0, 0xf5, 0x0, 0xe, 0x60, 0x2f, 0x60, 0x32,
    0x8f, 0x20, 0x0, 0xe6, 0x0, 0x20, 0xe, 0xff,
    0x70, 0x0, 0x0, 0x0, 0x0, 0x0, 0x0, 0x0,
    0x0,

    /* U+72B6 "ç¶" */
    0x0, 0x0, 0x0, 0x0, 0x0, 0x0, 0x0, 0x0,
    0x0, 0x0, 0xd6, 0x0, 0x3, 0xf0, 0x0, 0x0,
    0x0, 0x0, 0xd6, 0x0, 0x3, 0xf0, 0xa7, 0x0,
    0x4, 0x0, 0xd6, 0x0, 0x4, 0xf0, 0x3f, 0x10,
    0xd, 0x90, 0xd6, 0x0, 0x4, 0xe0, 0x6, 0x10,
    0x3, 0xf3, 0xd6, 0x36, 0x69, 0xf6, 0x66, 0x50,
    0x0, 0x62, 0xd6, 0x6d, 0xde, 0xfe, 0xdd, 0xc0,
    0x0, 0x0, 0xd6, 0x0, 0x7, 0xfa, 0x0, 0x0,
    0x0, 0x2, 0xe6, 0x0, 0xa, 0xde, 0x0, 0x0,
    0x0, 0x6f, 0xf6, 0x0, 0xe, 0x6e, 0x30, 0x0,
    0x2c, 0xf5, 0xd6, 0x0, 0x4f, 0x19, 0xa0, 0x0,
    0x4c, 0x20, 0xd6, 0x0, 0xca, 0x2, 0xf4, 0x0,
    0x0, 0x0, 0xd6, 0x7, 0xe2, 0x0, 0x9d, 0x10,
    0x0, 0x0, 0xd6, 0x8f, 0x40, 0x0, 0xe, 0xc0,
    0x0, 0x0, 0xd6, 0x93, 0x0, 0x0, 0x2, 0x90,

    /* U+7528 "ç¨" */
    0x0, 0xdf, 0xff, 0xff, 0xff, 0xff, 0xff, 0x60,
    0xd, 0x83, 0x33, 0x7e, 0x33, 0x33, 0xd6, 0x0,
    0xd6, 0x0, 0x6, 0xe0, 0x0, 0xd, 0x60, 0xd,
    0x83, 0x33, 0x8e, 0x33, 0x33, 0xe6, 0x0, 0xdf,
    0xff, 0xff, 0xff, 0xff, 0xff, 0x60, 0xd, 0x60,
    0x0, 0x6e, 0x0, 0x0, 0xd6, 0x0, 0xd5, 0x0,
    0x6, 0xe0, 0x0, 0xd, 0x60, 0xe, 0xfe, 0xee,
    0xff, 0xee, 0xee, 0xf6, 0x1, 0xf6, 0x44, 0x48,
    0xe4, 0x44, 0x4e, 0x60, 0x4f, 0x0, 0x0, 0x6e,
    0x0, 0x0, 0xd6, 0x9, 0xb0, 0x0, 0x6, 0xe0,
    0x0, 0xd, 0x60, 0xe6, 0x0, 0x0, 0x6e, 0x1,
    0x43, 0xf6, 0x5e, 0x0, 0x0, 0x5, 0xc0, 0x2f,
    0xfe, 0x10, 0x10, 0x0, 0x0, 0x0, 0x0, 0x0,
    0x0,

    /* U+754C "ç" */
    0x0, 0x5f, 0xff, 0xff, 0xff, 0xff, 0xf9, 0x0,
    0x0, 0x5e, 0x33, 0x39, 0xc3, 0x33, 0xb9, 0x0,
    0x0, 0x5f, 0xee, 0xef, 0xfe, 0xee, 0xf9, 0x0,
    0x0, 0x5e, 0x44, 0x4a, 0xd4, 0x44, 0xc9, 0x0,
    0x0, 0x5e, 0x0, 0x8, 0xc0, 0x0, 0xa9, 0x0,
    0x0, 0x5f, 0xff, 0xff, 0xff, 0xff, 0xf9, 0x0,
    0x0, 0x14, 0xcf, 0x63, 0x34, 0xde, 0x62, 0x0,
    0x2, 0x8e, 0xe8, 0x10, 0x0, 0x5a, 0xfb, 0x50,
    0xa, 0xf8, 0xe, 0x50, 0x0, 0xe5, 0x2a, 0xe0,
    0x0, 0x0, 0xf, 0x40, 0x0, 0xe5, 0x0, 0x0,
    0x0, 0x0, 0x7f, 0x0, 0x0, 0xe5, 0x0, 0x0,
    0x0, 0x18, 0xf7, 0x0, 0x0, 0xe5, 0x0, 0x0,
    0x0, 0x4e, 0x60, 0x0, 0x0, 0xe5, 0x0, 0x0,
    0x0, 0x0, 0x0, 0x0, 0x0, 0x0, 0x0, 0x0,

    /* U+76D8 "ç" */
    0x0, 0x0, 0x0, 0x0, 0x0, 0x0, 0x0, 0x0,
    0x0, 0x0, 0x0, 0x7d, 0x0, 0x0, 0x0, 0x0,
    0x0, 0x8, 0xee, 0xff, 0xee, 0xee, 0xe0, 0x0,
    0x0, 0x9, 0xb3, 0x37, 0x33, 0x36, 0xf0, 0x0,
    0x0, 0xa, 0xa0, 0x1e, 0x80, 0x4, 0xf0, 0x0,
    0x1, 0x1b, 0xa1, 0x14, 0x51, 0x15, 0xf1, 0x10,
    0xa, 0xff, 0xff, 0xff, 0xff, 0xff, 0xff, 0xa0,
    0x0, 0x2f, 0x20, 0x15, 0x0, 0x4, 0xf0, 0x0,
    0x0, 0xac, 0x0, 0x3e, 0x70, 0x16, 0xf0, 0x0,
    0x0, 0xd4, 0x0, 0x2, 0x10, 0xcf, 0xa0, 0x0,
    0x0, 0x45, 0x55, 0x55, 0x55, 0x67, 0x53, 0x0,
    0x0, 0xbe, 0xcd, 0xfc, 0xcf, 0xdc, 0xeb, 0x0,
    0x0, 0xb9, 0x4, 0xf0, 0xf, 0x40, 0x9b, 0x0,
    0x3, 0xba, 0x36, 0xf3, 0x3f, 0x63, 0xab, 0x30,
    0x3f, 0xff, 0xff, 0xff, 0xff, 0xff, 0xff, 0xf3,

    /* U+76EE "ç®" */
    0x5f, 0xff, 0xff, 0xff, 0xff, 0xf3, 0x5e, 0x33,
    0x33, 0x33, 0x33, 0xf3, 0x5e, 0x0, 0x0, 0x0,
    0x0, 0xf3, 0x5f, 0x44, 0x44, 0x44, 0x44, 0xf3,
    0x5f, 0xdd, 0xdd, 0xdd, 0xdd, 0xf3, 0x5e, 0x0,
    0x0, 0x0, 0x0, 0xf3, 0x5e, 0x0, 0x0, 0x0,
    0x0, 0xf3, 0x5f, 0xff, 0xff, 0xff, 0xff, 0xf3,
    0x5f, 0x33, 0x33, 0x33, 0x33, 0xf3, 0x5e, 0x0,
    0x0, 0x0, 0x0, 0xf3, 0x5e, 0x22, 0x22, 0x22,
    0x22, 0xf3, 0x5f, 0xff, 0xff, 0xff, 0xff, 0xf3,
    0x5e, 0x11, 0x11, 0x11, 0x11, 0xf3,

    /* U+770B "ç" */
    0x0, 0x0, 0x0, 0x0, 0x0, 0x12, 0x33, 0x0,
    0x8, 0xcd, 0xee, 0xff, 0xff, 0xed, 0xc2, 0x0,
    0x48, 0x87, 0xaf, 0x54, 0x44, 0x43, 0x0, 0x6,
    0xee, 0xef, 0xee, 0xee, 0xee, 0xb0, 0x4, 0x44,
    0x4a, 0xf5, 0x44, 0x44, 0x44, 0x30, 0xde, 0xef,
    0xfe, 0xee, 0xee, 0xee, 0xec, 0x0, 0x6, 0xfb,
    0x44, 0x44, 0x44, 0x43, 0x0, 0x7, 0xff, 0xfe,
    0xee, 0xee, 0xef, 0xe0, 0x1c, 0xf7, 0xe7, 0x22,
    0x22, 0x22, 0x7e, 0x1, 0xc3, 0xe, 0xff, 0xff,
    0xff, 0xff, 0xe0, 0x0, 0x0, 0xe7, 0x22, 0x22,
    0x22, 0x7e, 0x0, 0x0, 0xe, 0xee, 0xee, 0xee,
    0xee, 0xe0, 0x0, 0x0, 0xe8, 0x33, 0x33, 0x33,
    0x8e, 0x0, 0x0, 0xe, 0xff, 0xff, 0xff, 0xff,
    0xe0,

    /* U+771F "ç" */
    0x0, 0x0, 0x0, 0x5, 0xe0, 0x0, 0x0, 0x0,
    0x7, 0xee, 0xee, 0xef, 0xfe, 0xee, 0xee, 0x40,
    0x1, 0x22, 0x22, 0x2b, 0xa2, 0x22, 0x22, 0x0,
    0x0, 0xa, 0xff, 0xff, 0xff, 0xff, 0xd0, 0x0,
    0x0, 0xb, 0x92, 0x22, 0x22, 0x26, 0xe0, 0x0,
    0x0, 0xb, 0xfe, 0xee, 0xee, 0xee, 0xe0, 0x0,
    0x0, 0xb, 0x81, 0x11, 0x11, 0x15, 0xe0, 0x0,
    0x0, 0xb, 0xff, 0xff, 0xff, 0xff, 0xe0, 0x0,
    0x0, 0xb, 0x81, 0x11, 0x11, 0x15, 0xe0, 0x0,
    0x0, 0xb, 0xfe, 0xee, 0xee, 0xee, 0xe0, 0x0,
    0x2, 0x2b, 0x92, 0x22, 0x22, 0x26, 0xe2, 0x20,
    0xf, 0xff, 0xff, 0xff, 0xff, 0xff, 0xff, 0xf0,
    0x0, 0x0, 0x6b, 0x20, 0x6, 0xa6, 0x20, 0x0,
    0x3, 0xbf, 0xe8, 0x10, 0x4, 0x8d, 0xfd, 0x20,
    0x0, 0x84, 0x0, 0x0, 0x0, 0x0, 0x27, 0x0,

    /* U+7801 "ç " */
    0xf, 0xff, 0xff, 0xbc, 0xff, 0xff, 0xfc, 0x0,
    0x35, 0xf4, 0x32, 0x24, 0x33, 0x39, 0xa0, 0x0,
    0x6c, 0x0, 0x0, 0xe6, 0x0, 0xa7, 0x0, 0xb,
    0x70, 0x0, 0x1f, 0x30, 0xd, 0x50, 0x1, 0xf3,
    0x11, 0x3, 0xf0, 0x0, 0xf2, 0x0, 0x8f, 0xff,
    0xf2, 0x6d, 0x0, 0x3f, 0x0, 0x1f, 0xe8, 0x1f,
    0x29, 0xff, 0xff, 0xff, 0xd1, 0x9a, 0x81, 0xf2,
    0x23, 0x33, 0x33, 0x9d, 0x0, 0xa8, 0x1f, 0x22,
    0x22, 0x22, 0x18, 0xc0, 0xa, 0x81, 0xf5, 0xff,
    0xff, 0xf9, 0xaa, 0x0, 0xae, 0xdf, 0x20, 0x0,
    0x0, 0xb, 0x80, 0xa, 0xa5, 0xf2, 0x0, 0x2,
    0x45, 0xf5, 0x0, 0x97, 0x2, 0x0, 0x0, 0x8f,
    0xf9, 0x0,

    /* U+786C "ç¡¬" */
    0x9, 0x99, 0x99, 0x6c, 0xff, 0xff, 0xff, 0xf4,
    0x7, 0x8f, 0x77, 0x51, 0x22, 0x6d, 0x22, 0x20,
    0x0, 0x6c, 0x0, 0x7, 0xff, 0xff, 0xff, 0xd0,
    0x0, 0xb8, 0x0, 0x8, 0xd1, 0x6d, 0x16, 0xe0,
    0x1, 0xf3, 0x0, 0x8, 0xd2, 0x7d, 0x27, 0xe0,
    0x9, 0xfc, 0xcc, 0x18, 0xfe, 0xff, 0xef, 0xe0,
    0x1f, 0xfa, 0x4f, 0x28, 0xc0, 0x5d, 0x5, 0xe0,
    0x2b, 0xb8, 0x1f, 0x28, 0xff, 0xff, 0xff, 0xe0,
    0x0, 0xb8, 0x1f, 0x22, 0x91, 0x9b, 0x11, 0x10,
    0x0, 0xb8, 0x1f, 0x22, 0xea, 0xd7, 0x0, 0x0,
    0x0, 0xbf, 0xef, 0x20, 0x2e, 0xf6, 0x0, 0x0,
    0x0, 0xba, 0x44, 0x1, 0x8f, 0xcf, 0xc6, 0x10,
    0x0, 0x97, 0x0, 0x7f, 0xf6, 0x3, 0xbf, 0xf6,
    0x0, 0x0, 0x0, 0x36, 0x10, 0x0, 0x1, 0x50,

    /* U+786E "ç¡®" */
    0x0, 0x0, 0x0, 0x0, 0x0, 0x0, 0x0, 0x0,
    0x11, 0x11, 0x10, 0x7, 0xc0, 0x0, 0x0, 0xf,
    0xff, 0xff, 0xc0, 0xef, 0xff, 0xf3, 0x0, 0x14,
    0xf2, 0x11, 0x7e, 0x32, 0xbe, 0x10, 0x0, 0x6c,
    0x0, 0x3f, 0x92, 0x4f, 0x82, 0x20, 0xb, 0x70,
    0xc, 0xff, 0xff, 0xff, 0xfe, 0x0, 0xf3, 0x0,
    0x2d, 0x50, 0xe4, 0x4, 0xe0, 0x7f, 0xdd, 0xd1,
    0xc7, 0x3e, 0x73, 0x6e, 0xe, 0xfa, 0x6f, 0x2c,
    0xee, 0xfe, 0xee, 0xe2, 0xca, 0x81, 0xf2, 0xc5,
    0xe, 0x40, 0x4e, 0x0, 0xa8, 0x1f, 0x2d, 0xa8,
    0xfa, 0x8a, 0xe0, 0xa, 0x81, 0xf2, 0xf9, 0x8f,
    0xa8, 0xae, 0x0, 0xae, 0xdf, 0x5f, 0x0, 0xe4,
    0x4, 0xe0, 0xa, 0xa5, 0xfa, 0xb0, 0xe, 0x40,
    0x4e, 0x0, 0x97, 0x2, 0xd4, 0x0, 0xe4, 0xbe,
    0xa0, 0x0, 0x0, 0x0, 0x0, 0x0, 0x0, 0x0,

    /* U+788D "ç¢" */
    0x9, 0x99, 0x99, 0x49, 0xff, 0xff, 0xff, 0x40,
    0x8, 0x9f, 0x98, 0x49, 0x92, 0x22, 0x2e, 0x40,
    0x0, 0x5e, 0x0, 0x9, 0xfe, 0xee, 0xef, 0x40,
    0x0, 0xa9, 0x0, 0x9, 0x91, 0x11, 0x1d, 0x40,
    0x0, 0xf4, 0x0, 0x9, 0xff, 0xff, 0xff, 0x40,
    0x8, 0xfe, 0xee, 0x1, 0x11, 0x11, 0x11, 0x10,
    0x1f, 0xf7, 0x4f, 0x2f, 0xff, 0xff, 0xff, 0xb0,
    0x3d, 0xd5, 0x2f, 0x0, 0x0, 0x0, 0xd6, 0x0,
    0x0, 0xd5, 0x2f, 0x7f, 0xff, 0xff, 0xff, 0xf0,
    0x0, 0xd5, 0x2f, 0x12, 0x92, 0x11, 0xd7, 0x10,
    0x0, 0xde, 0xdf, 0x1, 0xd7, 0x0, 0xd5, 0x0,
    0x0, 0xd9, 0x6f, 0x0, 0x38, 0x2, 0xe5, 0x0,
    0x0, 0xc5, 0x2, 0x0, 0x0, 0xaf, 0xe2, 0x0,

    /* U+793A "ç¤º" */
    0x0, 0x1, 0x11, 0x11, 0x11, 0x11, 0x10, 0x0,
    0x0, 0xcf, 0xff, 0xff, 0xff, 0xff, 0xf9, 0x0,
    0x0, 0x12, 0x22, 0x22, 0x22, 0x22, 0x21, 0x0,
    0x0, 0x0, 0x0, 0x0, 0x0, 0x0, 0x0, 0x0,
    0x0, 0x11, 0x11, 0x11, 0x11, 0x11, 0x11, 0x0,
    0xe, 0xff, 0xff, 0xff, 0xff, 0xff, 0xff, 0xb0,
    0x1, 0x22, 0x22, 0x2b, 0xa2, 0x22, 0x22, 0x10,
    0x0, 0x0, 0x20, 0xa, 0x90, 0x2, 0x0, 0x0,
    0x0, 0x4, 0xf2, 0xa, 0x90, 0x8e, 0x20, 0x0,
    0x0, 0xe, 0xa0, 0xa, 0x90, 0xb, 0xe2, 0x0,
    0x0, 0xae, 0x10, 0xa, 0x90, 0x0, 0xcd, 0x0,
    0x9, 0xf4, 0x0, 0xa, 0x90, 0x0, 0x2f, 0xa0,
    0x1e, 0x70, 0x4, 0x3c, 0x80, 0x0, 0x5, 0x90,
    0x1, 0x0, 0xf, 0xfe, 0x40, 0x0, 0x0, 0x0,

    /* U+79BB "ç¦»" */
    0x0, 0x0, 0x0, 0x30, 0x0, 0x0, 0x0, 0x0,
    0x0, 0x4, 0xf6, 0x0, 0x0, 0x0, 0xde, 0xee,
    0xee, 0xff, 0xee, 0xee, 0xeb, 0x33, 0x33, 0x94,
    0x33, 0x37, 0x33, 0x32, 0xa, 0x53, 0xcf, 0xa7,
    0xdc, 0x26, 0x80, 0xc, 0x60, 0x5c, 0xfe, 0xf7,
    0x17, 0xa0, 0xc, 0x69, 0xc7, 0x20, 0x4b, 0x77,
    0xa0, 0xc, 0xee, 0xee, 0xee, 0xee, 0xee, 0xa0,
    0x2, 0x33, 0x34, 0xc4, 0x33, 0x33, 0x20, 0x8d,
    0xdd, 0xde, 0xfd, 0xdd, 0xdd, 0xd6, 0x9b, 0x44,
    0x6f, 0x74, 0x87, 0x44, 0xc8, 0x9a, 0x0, 0xcb,
    0x0, 0x8e, 0x10, 0xb8, 0x9a, 0xa, 0xfc, 0xde,
    0xfe, 0xb0, 0xb8, 0x9a, 0x5, 0x86, 0x52, 0x4,
    0xa4, 0xe7, 0x9a, 0x0, 0x0, 0x0, 0x7, 0xff,
    0xd2, 0x0, 0x0, 0x0, 0x0, 0x0, 0x0, 0x0,

    /* U+7A0B "ç¨" */
    0x0, 0x0, 0x24, 0x0, 0x0, 0x0, 0x0, 0x0,
    0x8, 0xcf, 0xfe, 0x39, 0xff, 0xff, 0xff, 0x40,
    0x5, 0x6c, 0x70, 0x9, 0x92, 0x22, 0x2e, 0x40,
    0x0, 0xb, 0x70, 0x9, 0x80, 0x0, 0xe, 0x40,
    0xe, 0xef, 0xfe, 0xa9, 0xff, 0xff, 0xff, 0x40,
    0x3, 0x3e, 0x93, 0x21, 0x22, 0x22, 0x22, 0x0,
    0x0, 0x2f, 0xe1, 0x2, 0x22, 0x22, 0x22, 0x10,
    0x0, 0x7f, 0xfb, 0xe, 0xff, 0xff, 0xff, 0xa0,
    0x0, 0xef, 0x8d, 0x10, 0x0, 0xe5, 0x0, 0x0,
    0x7, 0xdb, 0x70, 0x1, 0x22, 0xe7, 0x22, 0x0,
    0x1f, 0x5b, 0x70, 0xa, 0xff, 0xff, 0xff, 0x40,
    0x5, 0xb, 0x70, 0x0, 0x0, 0xe5, 0x0, 0x0,
    0x0, 0xb, 0x70, 0x12, 0x22, 0xe7, 0x22, 0x20,
    0x0, 0xb, 0x70, 0x5f, 0xff, 0xff, 0xff, 0xf0,

    /* U+7A7A "ç©º" */
    0x0, 0x0, 0x0, 0x95, 0x0, 0x0, 0x0, 0x5,
    0x55, 0x55, 0x5c, 0xd5, 0x55, 0x55, 0x50, 0xed,
    0xcc, 0xcc, 0xcc, 0xcc, 0xcc, 0xde, 0xe, 0x50,
    0x0, 0x10, 0x0, 0x0, 0x5, 0xe0, 0x72, 0x1,
    0xbc, 0x0, 0x8e, 0x70, 0x27, 0x0, 0x18, 0xfb,
    0x10, 0x0, 0x7e, 0xd4, 0x0, 0x6f, 0xc5, 0x0,
    0x0, 0x0, 0x9, 0xf7, 0x1, 0x20, 0x0, 0x0,
    0x0, 0x0, 0x4, 0x10, 0xc, 0xff, 0xff, 0xff,
    0xff, 0xff, 0xf1, 0x0, 0x34, 0x44, 0x48, 0xe4,
    0x44, 0x44, 0x0, 0x0, 0x0, 0x0, 0x6d, 0x0,
    0x0, 0x0, 0x0, 0x0, 0x0, 0x6, 0xd0, 0x0,
    0x0, 0x0, 0x23, 0x33, 0x33, 0x8e, 0x33, 0x33,
    0x33, 0xa, 0xff, 0xff, 0xff, 0xff, 0xff, 0xff,
    0xf0,

    /* U+7AD9 "ç«" */
    0x0, 0x2d, 0x0, 0x0, 0x0, 0xf5, 0x0, 0x0,
    0x0, 0xf, 0x50, 0x0, 0x0, 0xf5, 0x0, 0x0,
    0x18, 0x8e, 0xc8, 0x81, 0x0, 0xf5, 0x0, 0x0,
    0x1b, 0xbb, 0xbb, 0xb2, 0x0, 0xff, 0xff, 0xf3,
    0x0, 0x0, 0x5, 0x20, 0x0, 0xf7, 0x33, 0x30,
    0x6, 0xa0, 0xd, 0x70, 0x0, 0xf5, 0x0, 0x0,
    0x4, 0xd0, 0xf, 0x40, 0x11, 0xf5, 0x11, 0x0,
    0x2, 0xf0, 0x2f, 0x1a, 0xff, 0xff, 0xff, 0xe0,
    0x0, 0xf1, 0x6d, 0xa, 0xb2, 0x22, 0x27, 0xe0,
    0x0, 0xf3, 0xa9, 0xa, 0xb0, 0x0, 0x6, 0xe0,
    0x0, 0xd3, 0xe4, 0xa, 0xb0, 0x0, 0x6, 0xe0,
    0x0, 0x16, 0xfb, 0xfa, 0xb0, 0x0, 0x6, 0xe0,
    0xd, 0xff, 0xb6, 0x1a, 0xff, 0xff, 0xff, 0xe0,
    0x6, 0x30, 0x0, 0xa, 0xc3, 0x33, 0x38, 0xe0,

    /* U+7AEF "ç«¯" */
    0x0, 0x88, 0x0, 0x13, 0x0, 0xf1, 0x1, 0x30,
    0x0, 0x6e, 0x0, 0x5f, 0x0, 0xf1, 0x5, 0xe0,
    0x1a, 0xbf, 0xba, 0x7f, 0x0, 0xf1, 0x5, 0xe0,
    0x7, 0x77, 0x77, 0x6f, 0xdd, 0xfd, 0xde, 0xe0,
    0x0, 0x0, 0x44, 0x13, 0x33, 0x33, 0x33, 0x30,
    0x8, 0x50, 0x89, 0x11, 0x11, 0x11, 0x11, 0x10,
    0x8, 0x70, 0xb7, 0xbf, 0xff, 0xff, 0xff, 0xf6,
    0x6, 0x90, 0xd4, 0x0, 0x5, 0xc0, 0x0, 0x0,
    0x5, 0xb0, 0xf1, 0x3f, 0xff, 0xff, 0xff, 0xf0,
    0x3, 0xd3, 0xd0, 0x3f, 0x1e, 0x4d, 0x53, 0xf0,
    0x2, 0xe7, 0x90, 0x3f, 0xe, 0x3d, 0x42, 0xf0,
    0x0, 0xb, 0xce, 0x3f, 0xe, 0x3d, 0x42, 0xf0,
    0xa, 0xff, 0x93, 0x3f, 0xe, 0x3d, 0x42, 0xf0,
    0x8, 0x50, 0x0, 0x3e, 0xb, 0x29, 0x4b, 0xc0,

    /* U+7B2C "ç¬¬" */
    0x0, 0x0, 0x0, 0x0, 0x0, 0x0, 0x0, 0x0,
    0x0, 0xb, 0x90, 0x0, 0x3, 0xe1, 0x0, 0x0,
    0x0, 0x6f, 0xff, 0xff, 0x2d, 0xff, 0xff, 0xf4,
    0x6, 0xf5, 0x1e, 0x91, 0xcd, 0x15, 0xf4, 0x10,
    0x6, 0x40, 0x3, 0x50, 0x81, 0x0, 0x62, 0x0,
    0x0, 0x6f, 0xff, 0xff, 0xff, 0xff, 0xfe, 0x0,
    0x0, 0x1, 0x11, 0x16, 0xe1, 0x11, 0x6e, 0x0,
    0x0, 0x14, 0x44, 0x48, 0xf4, 0x44, 0x8e, 0x0,
    0x0, 0x7e, 0xcc, 0xcd, 0xfc, 0xcc, 0xcb, 0x0,
    0x0, 0xa9, 0x11, 0x15, 0xe1, 0x11, 0x11, 0x0,
    0x0, 0xef, 0xff, 0xff, 0xff, 0xff, 0xff, 0xa0,
    0x0, 0x0, 0x2, 0xed, 0xe0, 0x0, 0xc, 0x90,
    0x0, 0x1, 0x8f, 0x75, 0xe0, 0x0, 0xd, 0x70,
    0x4, 0x9f, 0xa2, 0x5, 0xe0, 0x5f, 0xff, 0x20,
    0x8, 0x72, 0x0, 0x5, 0xe0, 0x3, 0x31, 0x0,

    /* U+7B49 "ç­" */
    0x0, 0x0, 0x0, 0x0, 0x0, 0x0, 0x0, 0x0,
    0x0, 0xd, 0x60, 0x0, 0x6, 0xd0, 0x0, 0x0,
    0x0, 0x9f, 0xff, 0xff, 0x2e, 0xff, 0xff, 0xf2,
    0x8, 0xe3, 0x3f, 0x62, 0xeb, 0x18, 0xe1, 0x10,
    0x8, 0x30, 0x5, 0x41, 0x80, 0x0, 0x20, 0x0,
    0x0, 0x22, 0x22, 0x2a, 0xb2, 0x22, 0x22, 0x0,
    0x0, 0xef, 0xff, 0xff, 0xff, 0xff, 0xfc, 0x0,
    0x1, 0x11, 0x11, 0x19, 0xb1, 0x11, 0x11, 0x10,
    0x1f, 0xff, 0xff, 0xff, 0xff, 0xff, 0xff, 0xf1,
    0x1, 0x11, 0x11, 0x11, 0x11, 0x3f, 0x11, 0x10,
    0x5, 0xee, 0xee, 0xee, 0xee, 0xef, 0xee, 0x80,
    0x1, 0x38, 0x63, 0x33, 0x33, 0x5f, 0x43, 0x10,
    0x0, 0xb, 0xe3, 0x0, 0x0, 0x3f, 0x10, 0x0,
    0x0, 0x0, 0x95, 0x5, 0x43, 0x7f, 0x0, 0x0,
    0x0, 0x0, 0x0, 0xa, 0xef, 0xfa, 0x0, 0x0,

    /* U+7CFB "ç³»" */
    0x0, 0x0, 0x0, 0x1, 0x23, 0x46, 0x72, 0x0,
    0xc, 0xef, 0xff, 0xff, 0xec, 0xba, 0x60, 0x0,
    0x23, 0x26, 0xf6, 0x0, 0x10, 0x0, 0x0, 0x0,
    0x3, 0xe8, 0x0, 0x3e, 0x60, 0x0, 0x0, 0x6,
    0xf6, 0x2, 0x7f, 0x50, 0x0, 0x0, 0x4, 0xff,
    0xee, 0xfd, 0x20, 0x50, 0x0, 0x0, 0x3, 0x16,
    0xe8, 0x0, 0x2e, 0x90, 0x0, 0x0, 0x4c, 0xa3,
    0x24, 0x57, 0xbf, 0x80, 0x0, 0x7f, 0xff, 0xee,
    0xfa, 0x85, 0x7f, 0x40, 0x1, 0x23, 0x0, 0x6f,
    0x0, 0x30, 0x84, 0x0, 0x3, 0xe7, 0x6, 0xf0,
    0x7f, 0x50, 0x0, 0x7, 0xf9, 0x0, 0x6f, 0x0,
    0x7f, 0x50, 0xc, 0xe6, 0x2, 0x59, 0xf0, 0x0,
    0x9f, 0x30, 0x41, 0x0, 0x2e, 0xf9, 0x0, 0x0,
    0x50,

    /* U+7EBF "çº¿" */
    0x0, 0xc, 0x40, 0x0, 0xe, 0x58, 0x70, 0x0,
    0x0, 0x3f, 0x10, 0x0, 0xe, 0x54, 0xf2, 0x0,
    0x0, 0xb9, 0x6, 0x10, 0xe, 0x50, 0x44, 0x0,
    0x4, 0xe1, 0x6e, 0x25, 0x7f, 0xef, 0xfe, 0x0,
    0xe, 0xc9, 0xe7, 0x3d, 0xbe, 0xa3, 0x10, 0x0,
    0x9, 0x8e, 0xd0, 0x0, 0xb, 0x80, 0x3, 0x50,
    0x0, 0x5f, 0x20, 0x0, 0x3c, 0xdd, 0xfe, 0xa0,
    0x3, 0xf6, 0x45, 0xaf, 0xfe, 0xe5, 0x24, 0x0,
    0xe, 0xff, 0xd7, 0x32, 0x4, 0xf0, 0x6f, 0x20,
    0x7, 0x52, 0x0, 0x0, 0x0, 0xfa, 0xf6, 0x0,
    0x0, 0x14, 0x8c, 0x0, 0x0, 0xcf, 0x70, 0x40,
    0x1d, 0xff, 0xb6, 0x0, 0x6e, 0xff, 0x42, 0xf1,
    0x7, 0x40, 0x0, 0x3f, 0xfa, 0x17, 0xfa, 0xd0,
    0x0, 0x0, 0x0, 0x7, 0x10, 0x0, 0x8e, 0x50,

    /* U+7EC8 "ç»" */
    0x0, 0x7, 0x40, 0x0, 0x8, 0x40, 0x0, 0x0,
    0x0, 0xf, 0x40, 0x0, 0x4f, 0x73, 0x33, 0x0,
    0x0, 0x6d, 0x1, 0x0, 0xcf, 0xff, 0xfd, 0x0,
    0x0, 0xe5, 0x1f, 0x39, 0xf2, 0x0, 0xd9, 0x0,
    0x9, 0xc2, 0xac, 0x7f, 0xea, 0x7, 0xf1, 0x0,
    0xd, 0xff, 0xf3, 0x15, 0x2e, 0xbf, 0x60, 0x0,
    0x1, 0x1d, 0x90, 0x0, 0x9, 0xff, 0x40, 0x0,
    0x0, 0x9d, 0x0, 0x16, 0xdf, 0x79, 0xfc, 0x60,
    0x7, 0xf9, 0xbd, 0x7e, 0x83, 0x0, 0x29, 0xd0,
    0xe, 0xfb, 0x72, 0x0, 0x1f, 0xc6, 0x10, 0x0,
    0x1, 0x0, 0x1, 0x0, 0x2, 0x7e, 0xf5, 0x0,
    0x2, 0x69, 0xdf, 0x3b, 0xc7, 0x10, 0x51, 0x0,
    0xf, 0xfb, 0x62, 0x3, 0x8e, 0xfb, 0x40, 0x0,
    0x2, 0x0, 0x0, 0x0, 0x0, 0x4b, 0xfc, 0x0,
    0x0, 0x0, 0x0, 0x0, 0x0, 0x0, 0x25, 0x0,

    /* U+7ED3 "ç»" */
    0x0, 0xa, 0x50, 0x0, 0x0, 0xb9, 0x0, 0x0,
    0x0, 0x1f, 0x20, 0x0, 0x0, 0xb9, 0x0, 0x0,
    0x0, 0x7c, 0x5, 0x3f, 0xff, 0xff, 0xff, 0xf2,
    0x1, 0xe4, 0x3f, 0x33, 0x33, 0xca, 0x33, 0x30,
    0x9, 0xc4, 0xb9, 0x0, 0x0, 0xb9, 0x0, 0x0,
    0xd, 0xff, 0xe1, 0x2, 0x44, 0xca, 0x44, 0x20,
    0x1, 0x1d, 0x50, 0x9, 0xee, 0xee, 0xee, 0x90,
    0x0, 0xb9, 0x2, 0x0, 0x0, 0x0, 0x0, 0x0,
    0xb, 0xfc, 0xfb, 0x3, 0xff, 0xff, 0xff, 0x60,
    0xa, 0x85, 0x10, 0x4, 0xf3, 0x33, 0x3c, 0x70,
    0x0, 0x0, 0x37, 0x14, 0xf0, 0x0, 0xc, 0x70,
    0x8, 0xbf, 0xfc, 0x24, 0xf0, 0x0, 0xc, 0x70,
    0xc, 0xa5, 0x10, 0x4, 0xff, 0xff, 0xff, 0x70,
    0x0, 0x0, 0x0, 0x4, 0xf3, 0x33, 0x3c, 0x70,

    /* U+7EDC "ç»" */
    0x0, 0x56, 0x0, 0x0, 0x94, 0x0, 0x0, 0x0,
    0xc, 0x70, 0x0, 0x4f, 0x74, 0x44, 0x10, 0x3,
    0xf1, 0x10, 0xc, 0xed, 0xdd, 0xf5, 0x0, 0xb9,
    0xd, 0x77, 0xf7, 0x0, 0x8e, 0x0, 0x5e, 0x27,
    0xe1, 0xf8, 0xf4, 0x4f, 0x50, 0x9, 0xfe, 0xf6,
    0x1, 0x6, 0xfe, 0x70, 0x0, 0x10, 0xac, 0x0,
    0x1, 0x9f, 0xfb, 0x30, 0x0, 0x6f, 0x20, 0x1a,
    0xfc, 0x32, 0xbf, 0xd3, 0x4f, 0xaa, 0xe2, 0x85,
    0x11, 0x11, 0x49, 0xb, 0xfc, 0x83, 0x4, 0xff,
    0xff, 0xff, 0x40, 0x10, 0x0, 0x0, 0x4e, 0x0,
    0x0, 0xe4, 0x1, 0x58, 0xcf, 0x64, 0xe0, 0x0,
    0xe, 0x40, 0xcf, 0xc7, 0x30, 0x4f, 0x55, 0x55,
    0xf4, 0x2, 0x10, 0x0, 0x4, 0xfc, 0xcc, 0xcf,
    0x40,

    /* U+7EDF "ç»" */
    0x0, 0xa, 0x50, 0x0, 0x3, 0xc0, 0x0, 0x0,
    0x0, 0x1f, 0x20, 0x1, 0x11, 0xf5, 0x11, 0x0,
    0x0, 0x8c, 0x4, 0x4f, 0xff, 0xff, 0xff, 0xf0,
    0x1, 0xf3, 0x3f, 0x31, 0x1e, 0x61, 0x41, 0x0,
    0xb, 0xc6, 0xca, 0x0, 0x8d, 0x3, 0xf2, 0x0,
    0xb, 0xbd, 0xf1, 0x3, 0xf4, 0x0, 0xab, 0x0,
    0x0, 0x2f, 0x60, 0x1e, 0xd9, 0xbe, 0xff, 0x30,
    0x0, 0xda, 0x3, 0x1a, 0xbe, 0x6f, 0x2a, 0xa0,
    0xc, 0xfc, 0xfc, 0x0, 0x7b, 0x2f, 0x22, 0x0,
    0xa, 0x96, 0x10, 0x0, 0xa9, 0x2f, 0x20, 0x0,
    0x0, 0x0, 0x48, 0x10, 0xf4, 0x2f, 0x21, 0xa1,
    0x9, 0xcf, 0xfb, 0x28, 0xe0, 0x2f, 0x22, 0xf2,
    0xa, 0x84, 0x0, 0x4f, 0x50, 0x1f, 0x56, 0xf0,
    0x0, 0x0, 0x0, 0xa9, 0x0, 0xb, 0xff, 0xa0,
    0x0, 0x0, 0x0, 0x0, 0x0, 0x0, 0x0, 0x0,

    /* U+7EE7 "ç»§" */
    0x0, 0xa, 0x50, 0x0, 0x0, 0xe, 0x40, 0x0,
    0x0, 0x2f, 0x20, 0xf, 0x66, 0xe, 0x41, 0x80,
    0x0, 0x9b, 0x4, 0xf, 0x5f, 0x1e, 0x48, 0xc0,
    0x2, 0xf2, 0x3f, 0x2f, 0x4b, 0x6e, 0x4e, 0x40,
    0xc, 0xc8, 0xda, 0xf, 0x41, 0xe, 0x41, 0x0,
    0x9, 0x9d, 0xf1, 0xf, 0x5e, 0xef, 0xee, 0xa0,
    0x0, 0x3f, 0x50, 0xf, 0x43, 0xbf, 0x73, 0x20,
    0x1, 0xda, 0x14, 0xf, 0x41, 0xff, 0xe3, 0x0,
    0xc, 0xfc, 0xfc, 0xf, 0x48, 0xbe, 0xbf, 0x40,
    0xa, 0x96, 0x10, 0xf, 0x6f, 0x3e, 0x48, 0xc0,
    0x0, 0x0, 0x26, 0xf, 0x79, 0xe, 0x40, 0x0,
    0x6, 0xae, 0xfd, 0x2f, 0x40, 0xe, 0x40, 0x0,
    0xe, 0xd8, 0x30, 0xf, 0x51, 0x15, 0x21, 0x10,
    0x1, 0x0, 0x0, 0xe, 0xff, 0xff, 0xff, 0xf2,

    /* U+7EEA "ç»ª" */
    0x0, 0xa, 0x50, 0x0, 0x1, 0xf2, 0x0, 0x0,
    0x0, 0x1f, 0x30, 0x1, 0x23, 0xf4, 0x26, 0xc0,
    0x0, 0x8d, 0x1, 0x5, 0xff, 0xff, 0xff, 0x40,
    0x1, 0xf4, 0x1f, 0x30, 0x1, 0xf2, 0xd9, 0x0,
    0xa, 0xb2, 0xab, 0x4, 0x45, 0xfd, 0xf5, 0x40,
    0xd, 0xfe, 0xf2, 0xb, 0xcd, 0xfe, 0xcc, 0xc2,
    0x1, 0xd, 0x70, 0x0, 0x2d, 0xa0, 0x0, 0x0,
    0x0, 0xab, 0x2, 0x7, 0xff, 0xff, 0xff, 0x80,
    0x8, 0xfb, 0xee, 0xb, 0xd8, 0x22, 0x2b, 0x90,
    0xe, 0xd9, 0x40, 0x0, 0xc7, 0x11, 0x1b, 0x90,
    0x0, 0x0, 0x25, 0x0, 0xcf, 0xff, 0xff, 0x90,
    0x7, 0xae, 0xfd, 0x20, 0xc7, 0x0, 0xb, 0x90,
    0xb, 0x95, 0x10, 0x0, 0xcf, 0xee, 0xef, 0x90,
    0x0, 0x0, 0x0, 0x0, 0xc8, 0x22, 0x2b, 0x90,

    /* U+7EED "ç»­" */
    0x0, 0xd, 0x30, 0x0, 0x0, 0xf4, 0x0, 0x0,
    0x0, 0x4f, 0x10, 0x4, 0x45, 0xf7, 0x44, 0x0,
    0x0, 0xaa, 0x0, 0xc, 0xcc, 0xfd, 0xcc, 0x20,
    0x2, 0xf2, 0x7d, 0x0, 0x0, 0xf4, 0x0, 0x0,
    0xb, 0xb6, 0xe7, 0x9f, 0xff, 0xff, 0xff, 0xb0,
    0xd, 0xee, 0xe0, 0x11, 0x21, 0x23, 0x1c, 0x80,
    0x0, 0x2f, 0x50, 0x0, 0xd7, 0x5d, 0x3f, 0x10,
    0x0, 0xca, 0x0, 0x2a, 0x3c, 0x6d, 0x3, 0x0,
    0x9, 0xf8, 0xc7, 0x9, 0xc0, 0x7c, 0x0, 0x0,
    0xf, 0xd9, 0x40, 0x22, 0x62, 0xbb, 0x22, 0x20,
    0x0, 0x0, 0x1, 0xef, 0xff, 0xff, 0xff, 0xf1,
    0x3, 0x7b, 0xf8, 0x0, 0xb, 0xd1, 0x40, 0x0,
    0xf, 0xea, 0x40, 0x2, 0xce, 0x24, 0xfb, 0x10,
    0x2, 0x0, 0x0, 0xbf, 0x91, 0x0, 0x1c, 0xe1,
    0x0, 0x0, 0x0, 0x52, 0x0, 0x0, 0x0, 0x60,

    /* U+7F16 "ç¼" */
    0x0, 0x8, 0x40, 0x0, 0x3, 0xa0, 0x0, 0x0,
    0x0, 0xf, 0x40, 0x2, 0x24, 0xf5, 0x22, 0x20,
    0x0, 0x6e, 0x1, 0x4f, 0xff, 0xff, 0xff, 0xe0,
    0x0, 0xd7, 0x3f, 0x5e, 0x0, 0x0, 0x4, 0xe0,
    0x7, 0xd2, 0xba, 0x4f, 0x55, 0x55, 0x58, 0xe0,
    0xa, 0xfe, 0xf2, 0x4f, 0xcc, 0xcc, 0xcc, 0xb0,
    0x0, 0xd, 0x80, 0x4e, 0x22, 0x22, 0x22, 0x20,
    0x0, 0x8d, 0x0, 0x4e, 0xbf, 0xff, 0xff, 0xf1,
    0x5, 0xf9, 0xdb, 0x4e, 0xb5, 0xe2, 0xf1, 0xf1,
    0xc, 0xfb, 0x50, 0x6c, 0xb6, 0xe3, 0xf2, 0xf1,
    0x1, 0x0, 0x1, 0x8a, 0xbf, 0xff, 0xff, 0xf1,
    0x3, 0x7b, 0xfb, 0xc6, 0xb5, 0xe2, 0xf1, 0xf1,
    0xa, 0xb8, 0x43, 0xf1, 0xb5, 0xe2, 0xf2, 0xf1,
    0x0, 0x0, 0x2, 0x90, 0xb5, 0x0, 0x3f, 0xc0,
    0x0, 0x0, 0x0, 0x0, 0x0, 0x0, 0x0, 0x0,

    /* U+7F51 "ç½" */
    0x5f, 0xff, 0xff, 0xff, 0xff, 0xff, 0xf6, 0x5e,
    0x33, 0x33, 0x33, 0x33, 0x33, 0xe6, 0x5e, 0x0,
    0xc, 0x70, 0x2, 0xf2, 0xd6, 0x5e, 0x3e, 0x2e,
    0x6f, 0x35, 0xf0, 0xd6, 0x5e, 0xa, 0xdf, 0x29,
    0xd9, 0xc0, 0xd6, 0x5e, 0x0, 0xde, 0x0, 0xdf,
    0x70, 0xd6, 0x5e, 0x0, 0xbf, 0x10, 0x5f, 0x40,
    0xd6, 0x5e, 0x2, 0xfd, 0xa0, 0xbf, 0xb0, 0xd6,
    0x5e, 0xb, 0xb3, 0xd7, 0xf4, 0xf4, 0xd6, 0x5e,
    0x7f, 0x20, 0x4f, 0x60, 0x98, 0xd6, 0x5e, 0x74,
    0x0, 0x47, 0x0, 0x10, 0xd6, 0x5e, 0x0, 0x0,
    0x0, 0x0, 0x54, 0xf5, 0x5e, 0x0, 0x0, 0x0,
    0x0, 0xdf, 0xd1, 0x0, 0x0, 0x0, 0x0, 0x0,
    0x0, 0x0,

    /* U+80CC "è" */
    0x0, 0x0, 0x4f, 0x4, 0xd0, 0x14, 0x81, 0x9f,
    0xff, 0xff, 0x5, 0xfc, 0xfc, 0x82, 0x0, 0x0,
    0x4f, 0x5, 0xf5, 0x10, 0x36, 0x0, 0x49, 0xef,
    0x5, 0xe0, 0x0, 0x8c, 0x8e, 0xfa, 0x7f, 0x2,
    0xfe, 0xde, 0xf5, 0x76, 0x10, 0x29, 0x0, 0x2,
    0x33, 0x10, 0x1, 0x55, 0x55, 0x55, 0x55, 0x55,
    0x0, 0x4, 0xfc, 0xcc, 0xcc, 0xcc, 0xcf, 0x20,
    0x4, 0xf1, 0x11, 0x11, 0x11, 0x1f, 0x20, 0x4,
    0xff, 0xff, 0xff, 0xff, 0xff, 0x20, 0x4, 0xf1,
    0x11, 0x11, 0x11, 0x1f, 0x20, 0x4, 0xff, 0xff,
    0xff, 0xff, 0xff, 0x20, 0x4, 0xf0, 0x0, 0x0,
    0x32, 0x3f, 0x10, 0x4, 0xf0, 0x0, 0x0, 0xae,
    0xfb, 0x0,

    /* U+89E6 "è§¦" */
    0x0, 0x0, 0x0, 0x0, 0x0, 0x0, 0x0, 0x0,
    0x0, 0xd, 0x40, 0x0, 0x0, 0xf, 0x40, 0x0,
    0x0, 0x6f, 0xff, 0xf0, 0x0, 0xf, 0x40, 0x0,
    0x2, 0xf6, 0x2c, 0xd0, 0x1, 0x1f, 0x41, 0x10,
    0xd, 0xd2, 0x4f, 0x82, 0x4f, 0xff, 0xff, 0xd0,
    0xd, 0xff, 0xff, 0xfe, 0x4d, 0x3f, 0x66, 0xd0,
    0x2, 0xf1, 0xe3, 0x4e, 0x4c, 0xf, 0x44, 0xd0,
    0x2, 0xf4, 0xe6, 0x6e, 0x4c, 0xf, 0x44, 0xd0,
    0x2, 0xfd, 0xfe, 0xee, 0x4c, 0xf, 0x44, 0xd0,
    0x2, 0xf1, 0xe3, 0x4e, 0x4e, 0xbf, 0xcc, 0xd0,
    0x2, 0xfe, 0xfe, 0xee, 0x2, 0x2f, 0x52, 0x20,
    0x2, 0xf3, 0xe6, 0x6e, 0x0, 0xf, 0x4c, 0x40,
    0x4, 0xf0, 0xe3, 0x4e, 0x0, 0xf, 0x4a, 0x90,
    0x7, 0xc0, 0xb2, 0x4e, 0x1, 0x3f, 0xbd, 0xe0,
    0xa, 0x70, 0x1c, 0xea, 0x6b, 0x97, 0x53, 0xe2,
    0x0, 0x0, 0x0, 0x0, 0x0, 0x0, 0x0, 0x0,

    /* U+8BA2 "è®¢" */
    0x0, 0x44, 0x0, 0x0, 0x0, 0x0, 0x0, 0x0,
    0x0, 0x8f, 0x20, 0xff, 0xff, 0xff, 0xff, 0xf3,
    0x0, 0xd, 0xa0, 0x23, 0x33, 0x4f, 0x43, 0x30,
    0x0, 0x3, 0x20, 0x0, 0x0, 0x2f, 0x20, 0x0,
    0x2, 0x22, 0x0, 0x0, 0x0, 0x2f, 0x20, 0x0,
    0x2f, 0xff, 0x30, 0x0, 0x0, 0x2f, 0x20, 0x0,
    0x0, 0xf, 0x30, 0x0, 0x0, 0x2f, 0x20, 0x0,
    0x0, 0xf, 0x30, 0x0, 0x0, 0x2f, 0x20, 0x0,
    0x0, 0xf, 0x30, 0x0, 0x0, 0x2f, 0x20, 0x0,
    0x0, 0xf, 0x30, 0x0, 0x0, 0x2f, 0x20, 0x0,
    0x0, 0xf, 0x37, 0x0, 0x0, 0x2f, 0x20, 0x0,
    0x0, 0xf, 0xcc, 0x0, 0x0, 0x2f, 0x20, 0x0,
    0x0, 0xd, 0xc1, 0x0, 0x34, 0x7f, 0x10, 0x0,
    0x0, 0x0, 0x0, 0x0, 0x7f, 0xfa, 0x0, 0x0,

    /* U+8BA4 "è®¤" */
    0x0, 0x88, 0x0, 0x0, 0x6, 0xe0, 0x0, 0x0,
    0x0, 0x6f, 0x30, 0x0, 0x6, 0xe0, 0x0, 0x0,
    0x0, 0xb, 0xb0, 0x0, 0x6, 0xe0, 0x0, 0x0,
    0x0, 0x2, 0x10, 0x0, 0x7, 0xe0, 0x0, 0x0,
    0x2, 0x22, 0x0, 0x0, 0x8, 0xd0, 0x0, 0x0,
    0x2f, 0xff, 0x30, 0x0, 0x9, 0xc0, 0x0, 0x0,
    0x0, 0xf, 0x30, 0x0, 0xc, 0xf0, 0x0, 0x0,
    0x0, 0xf, 0x30, 0x0, 0xe, 0xf4, 0x0, 0x0,
    0x0, 0xf, 0x30, 0x0, 0x2f, 0xca, 0x0, 0x0,
    0x0, 0xf, 0x30, 0x0, 0x7f, 0x2f, 0x20, 0x0,
    0x0, 0xf, 0x32, 0x0, 0xe9, 0xb, 0xa0, 0x0,
    0x0, 0xf, 0x7f, 0x19, 0xf1, 0x2, 0xf5, 0x0,
    0x0, 0xf, 0xf5, 0x6f, 0x50, 0x0, 0x8f, 0x30,
    0x0, 0x6, 0x46, 0xf6, 0x0, 0x0, 0xb, 0xf1,
    0x0, 0x0, 0x2, 0x50, 0x0, 0x0, 0x0, 0x30,

    /* U+8BBE "è®¾" */
    0x0, 0x12, 0x0, 0x0, 0x0, 0x0, 0x0, 0x0,
    0xa, 0xe1, 0x0, 0x1f, 0xff, 0xff, 0x10, 0x0,
    0xe, 0x90, 0x2, 0xf3, 0x35, 0xf1, 0x0, 0x0,
    0x44, 0x0, 0x4f, 0x0, 0x3f, 0x10, 0x2, 0x22,
    0x0, 0xb, 0xb0, 0x3, 0xf1, 0x2, 0xff, 0xf3,
    0x9, 0xf2, 0x0, 0x1f, 0xec, 0x0, 0xf, 0x30,
    0x45, 0x22, 0x22, 0x35, 0x20, 0x0, 0xf3, 0x3,
    0xff, 0xff, 0xff, 0xf0, 0x0, 0xf, 0x30, 0x3,
    0xf1, 0x0, 0xda, 0x0, 0x0, 0xf3, 0x0, 0xc,
    0x90, 0x7f, 0x20, 0x0, 0xf, 0x33, 0x0, 0x3f,
    0x9f, 0x60, 0x0, 0x0, 0xf9, 0xe1, 0x1, 0xcf,
    0xc0, 0x0, 0x0, 0xf, 0xf4, 0x27, 0xee, 0x8f,
    0xd6, 0x0, 0x0, 0x43, 0x4f, 0xf9, 0x10, 0x1a,
    0xfc, 0x0, 0x0, 0x0, 0x40, 0x0, 0x0, 0x1,
    0x20,

    /* U+8BBF "è®¿" */
    0x0, 0x77, 0x0, 0x0, 0x2, 0xc1, 0x0, 0x0,
    0x0, 0x6f, 0x30, 0x0, 0x0, 0xe8, 0x0, 0x0,
    0x0, 0xb, 0xb0, 0x13, 0x33, 0xbd, 0x33, 0x30,
    0x0, 0x1, 0x0, 0x4f, 0xff, 0xff, 0xff, 0xf1,
    0x4, 0x44, 0x0, 0x0, 0x8b, 0x0, 0x0, 0x0,
    0x2d, 0xdf, 0x30, 0x0, 0x9b, 0x0, 0x0, 0x0,
    0x0, 0xf, 0x30, 0x0, 0xaf, 0xff, 0xff, 0x80,
    0x0, 0xf, 0x30, 0x0, 0xb9, 0x22, 0x2e, 0x80,
    0x0, 0xf, 0x30, 0x0, 0xe5, 0x0, 0xe, 0x80,
    0x0, 0xf, 0x30, 0x2, 0xf2, 0x0, 0xf, 0x70,
    0x0, 0xf, 0x37, 0x9, 0xb0, 0x0, 0xf, 0x60,
    0x0, 0xf, 0xcc, 0x5f, 0x40, 0x0, 0x2f, 0x40,
    0x0, 0xd, 0xc6, 0xf8, 0x0, 0x65, 0xaf, 0x20,
    0x0, 0x0, 0xa, 0x80, 0x0, 0xcf, 0xf8, 0x0,
    0x0, 0x0, 0x0, 0x0, 0x0, 0x0, 0x0, 0x0,

    /* U+8BC6 "è¯" */
    0x0, 0x77, 0x0, 0x0, 0x11, 0x11, 0x11, 0x0,
    0x0, 0x6f, 0x30, 0xe, 0xff, 0xff, 0xff, 0x30,
    0x0, 0xc, 0xb0, 0xe, 0x51, 0x11, 0x1f, 0x30,
    0x0, 0x2, 0x10, 0xe, 0x50, 0x0, 0x1f, 0x30,
    0x2, 0x22, 0x0, 0xe, 0x50, 0x0, 0x1f, 0x30,
    0x2f, 0xff, 0x30, 0xe, 0x50, 0x0, 0x1f, 0x30,
    0x0, 0xf, 0x30, 0xe, 0x50, 0x0, 0x1f, 0x30,
    0x0, 0xf, 0x30, 0xe, 0xee, 0xee, 0xef, 0x30,
    0x0, 0xf, 0x30, 0x3, 0x33, 0x33, 0x33, 0x0,
    0x0, 0xf, 0x30, 0x0, 0x64, 0x4, 0x70, 0x0,
    0x0, 0xf, 0x37, 0x2, 0xf6, 0x4, 0xf4, 0x0,
    0x0, 0xf, 0xcc, 0xc, 0xc0, 0x0, 0x8e, 0x10,
    0x0, 0xe, 0xd1, 0x9f, 0x20, 0x0, 0xe, 0x80,
    0x0, 0x1, 0x11, 0xe4, 0x0, 0x0, 0x6, 0xd0,
    0x0, 0x0, 0x0, 0x0, 0x0, 0x0, 0x0, 0x0,

    /* U+8BDD "è¯" */
    0x0, 0x56, 0x0, 0x0, 0x0, 0x3, 0x7a, 0x30,
    0x0, 0x7f, 0x20, 0x38, 0xad, 0xff, 0xc8, 0x30,
    0x0, 0xc, 0xb0, 0x4c, 0x96, 0xf4, 0x0, 0x0,
    0x0, 0x2, 0x10, 0x0, 0x0, 0xf4, 0x0, 0x0,
    0x2, 0x22, 0x0, 0x33, 0x33, 0xf6, 0x33, 0x30,
    0x2f, 0xff, 0x30, 0xef, 0xff, 0xff, 0xff, 0xf2,
    0x0, 0xf, 0x30, 0x0, 0x0, 0xf4, 0x0, 0x0,
    0x0, 0xf, 0x30, 0x0, 0x0, 0xf4, 0x0, 0x0,
    0x0, 0xf, 0x30, 0x1f, 0xff, 0xff, 0xff, 0x50,
    0x0, 0xf, 0x30, 0x2f, 0x53, 0x33, 0x3e, 0x60,
    0x0, 0xf, 0x36, 0x2f, 0x20, 0x0, 0xe, 0x60,
    0x0, 0xf, 0xbd, 0x3f, 0x20, 0x0, 0xe, 0x60,
    0x0, 0xe, 0xd1, 0x2f, 0xdd, 0xdd, 0xdf, 0x60,
    0x0, 0x1, 0x10, 0x2f, 0x65, 0x55, 0x5e, 0x60,

    /* U+8BF7 "è¯·" */
    0x0, 0x87, 0x0, 0x0, 0x8, 0xb0, 0x0, 0x0,
    0x0, 0x7f, 0x35, 0xff, 0xff, 0xff, 0xff, 0xe0,
    0x0, 0xd, 0xa0, 0x11, 0x18, 0xc1, 0x11, 0x0,
    0x0, 0x2, 0x0, 0xae, 0xef, 0xfe, 0xee, 0x60,
    0x2, 0x22, 0x0, 0x23, 0x3a, 0xc3, 0x33, 0x10,
    0x2f, 0xff, 0x1b, 0xbb, 0xbd, 0xeb, 0xbb, 0xb4,
    0x0, 0x2f, 0x13, 0x44, 0x44, 0x44, 0x44, 0x41,
    0x0, 0x2f, 0x10, 0xbf, 0xff, 0xff, 0xff, 0x20,
    0x0, 0x2f, 0x10, 0xc8, 0x0, 0x0, 0x1f, 0x20,
    0x0, 0x2f, 0x10, 0xcf, 0xff, 0xff, 0xff, 0x20,
    0x0, 0x2f, 0x44, 0xc8, 0x0, 0x0, 0x1f, 0x20,
    0x0, 0x2f, 0xe6, 0xcf, 0xff, 0xff, 0xff, 0x20,
    0x0, 0x1e, 0x80, 0xc8, 0x0, 0x4, 0x5f, 0x20,
    0x0, 0x0, 0x0, 0xc7, 0x0, 0xc, 0xfb, 0x0,

    /* U+8D25 "è´¥" */
    0x0, 0x0, 0x0, 0x0, 0x2, 0xb1, 0x0, 0x0,
    0x3, 0xee, 0xee, 0xe3, 0x5, 0xf0, 0x0, 0x0,
    0x4, 0xf4, 0x44, 0xf4, 0x9, 0xc3, 0x33, 0x30,
    0x4, 0xe0, 0x80, 0xe4, 0xd, 0xff, 0xff, 0xc0,
    0x4, 0xe0, 0xf0, 0xe4, 0x2f, 0x20, 0x2f, 0x10,
    0x4, 0xe0, 0xf0, 0xe4, 0x8f, 0x0, 0x5f, 0x0,
    0x4, 0xe1, 0xf0, 0xe4, 0xef, 0x50, 0x8c, 0x0,
    0x4, 0xe1, 0xf0, 0xe6, 0xda, 0xb0, 0xc9, 0x0,
    0x4, 0xe2, 0xe0, 0xe4, 0x2, 0xf6, 0xf4, 0x0,
    0x4, 0xe5, 0xc0, 0xe4, 0x0, 0xaf, 0xd0, 0x0,
    0x2, 0x9b, 0x91, 0x82, 0x0, 0x5f, 0x90, 0x0,
    0x0, 0x4f, 0x4e, 0x40, 0x2, 0xee, 0xf4, 0x0,
    0x3, 0xe8, 0x7, 0xf2, 0x3e, 0xc0, 0x9f, 0x60,
    0xd, 0x90, 0x0, 0x61, 0xfc, 0x10, 0xa, 0xe1,
    0x1, 0x0, 0x0, 0x0, 0x30, 0x0, 0x0, 0x20,

    /* U+8DEF "è·¯" */
    0x0, 0x0, 0x0, 0x0, 0x7, 0x60, 0x0, 0x0,
    0x4, 0xff, 0xff, 0xe0, 0xf, 0x94, 0x44, 0x10,
    0x4, 0xe2, 0x26, 0xe0, 0x7f, 0xdd, 0xdf, 0x50,
    0x4, 0xe0, 0x5, 0xe2, 0xfc, 0x0, 0x8e, 0x0,
    0x4, 0xe2, 0x27, 0xe9, 0xad, 0x93, 0xf5, 0x0,
    0x4, 0xff, 0xff, 0xe0, 0x2, 0xff, 0x80, 0x0,
    0x0, 0x0, 0xe3, 0x0, 0x8, 0xff, 0xd4, 0x0,
    0x2, 0x80, 0xe4, 0x7, 0xee, 0x51, 0xaf, 0xd2,
    0x4, 0xe0, 0xef, 0xe4, 0x72, 0x11, 0x14, 0x80,
    0x4, 0xe0, 0xe4, 0x10, 0xef, 0xff, 0xff, 0x40,
    0x4, 0xe0, 0xe3, 0x0, 0xe2, 0x0, 0xe, 0x40,
    0x4, 0xe0, 0xe3, 0x21, 0xe2, 0x0, 0xe, 0x40,
    0x4, 0xf6, 0xff, 0xe4, 0xe7, 0x55, 0x5f, 0x40,
    0xc, 0xb8, 0x52, 0x0, 0xed, 0xcc, 0xcf, 0x40,

    /* U+8F66 "è½¦" */
    0x0, 0x0, 0x0, 0x99, 0x0, 0x0, 0x0, 0x0,
    0x0, 0x11, 0x12, 0xf5, 0x11, 0x11, 0x11, 0x0,
    0x8, 0xff, 0xff, 0xff, 0xff, 0xff, 0xff, 0x80,
    0x1, 0x22, 0x4f, 0x62, 0x92, 0x22, 0x22, 0x10,
    0x0, 0x0, 0xcc, 0x2, 0xf2, 0x0, 0x0, 0x0,
    0x0, 0x7, 0xf2, 0x2, 0xf2, 0x0, 0x0, 0x0,
    0x0, 0x5f, 0x83, 0x34, 0xf4, 0x33, 0x32, 0x0,
    0x0, 0x7f, 0xff, 0xff, 0xff, 0xff, 0xfc, 0x0,
    0x0, 0x0, 0x0, 0x2, 0xf2, 0x0, 0x0, 0x0,
    0x0, 0x0, 0x0, 0x2, 0xf2, 0x0, 0x0, 0x0,
    0x3f, 0xff, 0xff, 0xff, 0xff, 0xff, 0xff, 0xf4,
    0x3, 0x33, 0x33, 0x34, 0xf4, 0x33, 0x33, 0x30,
    0x0, 0x0, 0x0, 0x2, 0xf2, 0x0, 0x0, 0x0,
    0x0, 0x0, 0x0, 0x2, 0xf2, 0x0, 0x0, 0x0,

    /* U+8F86 "è¾" */
    0x0, 0xc, 0x40, 0x1, 0x11, 0x11, 0x11, 0x10,
    0x0, 0x1f, 0x10, 0xaf, 0xff, 0xff, 0xff, 0xf0,
    0x2f, 0xff, 0xfd, 0x1, 0x2f, 0x1c, 0x41, 0x10,
    0x2, 0xc9, 0x22, 0x0, 0x1f, 0xc, 0x40, 0x0,
    0x1, 0xf8, 0x60, 0x6d, 0xdf, 0xdf, 0xed, 0xc0,
    0x8, 0xd7, 0xa0, 0x8c, 0x5f, 0x4d, 0x77, 0xe0,
    0xe, 0x78, 0xb1, 0x8a, 0x2f, 0xd, 0x34, 0xe0,
    0xe, 0xff, 0xff, 0x8a, 0x3f, 0xe, 0x24, 0xe0,
    0x0, 0x7, 0xa0, 0x8a, 0x5f, 0xaf, 0x34, 0xe0,
    0x0, 0x8, 0xc7, 0x8a, 0x8a, 0x7e, 0xd5, 0xe0,
    0xe, 0xff, 0xe8, 0x8a, 0xd6, 0x8a, 0xa8, 0xe0,
    0x5, 0x37, 0xa0, 0x8b, 0x81, 0xc5, 0x4, 0xe0,
    0x0, 0x7, 0xa0, 0x8a, 0x0, 0x12, 0x36, 0xe0,
    0x0, 0x7, 0xa0, 0x8a, 0x0, 0x3, 0xef, 0x80,

    /* U+8F93 "è¾" */
    0x0, 0xb, 0x20, 0x0, 0x3, 0x90, 0x0, 0x0,
    0x0, 0x2f, 0x10, 0x0, 0x1d, 0xf9, 0x0, 0x0,
    0xc, 0xdf, 0xc9, 0x1, 0xc9, 0x1d, 0xc1, 0x0,
    0x6, 0xdb, 0x64, 0x2d, 0xd3, 0x23, 0xdf, 0x80,
    0x1, 0xf9, 0x52, 0xe7, 0xef, 0xff, 0xf6, 0x92,
    0x7, 0xd9, 0x80, 0x47, 0x77, 0x30, 0x5, 0x30,
    0xe, 0x9a, 0xa2, 0x8e, 0xce, 0x76, 0x4b, 0x60,
    0xc, 0xdf, 0xea, 0x88, 0x9, 0x79, 0x6b, 0x60,
    0x0, 0x9, 0x80, 0x8f, 0xff, 0x79, 0x6b, 0x60,
    0x0, 0x9, 0xb5, 0x89, 0x19, 0x79, 0x6b, 0x60,
    0xb, 0xef, 0xe8, 0x8d, 0xbd, 0x79, 0x6b, 0x60,
    0x9, 0x7b, 0x80, 0x8b, 0x5b, 0x79, 0x6b, 0x60,
    0x0, 0x9, 0x80, 0x88, 0x1a, 0x72, 0x2c, 0x60,
    0x0, 0x9, 0x80, 0x88, 0xae, 0x35, 0xfe, 0x20,
    0x0, 0x0, 0x0, 0x0, 0x0, 0x0, 0x0, 0x0,

    /* U+8FC7 "è¿" */
    0x2, 0x10, 0x0, 0x0, 0x0, 0x1f, 0x30, 0x0,
    0xb, 0xe3, 0x0, 0x0, 0x0, 0x1f, 0x30, 0x0,
    0x0, 0xbe, 0x1, 0x33, 0x33, 0x4f, 0x63, 0x30,
    0x0, 0x4, 0x4, 0xff, 0xff, 0xff, 0xff, 0xf0,
    0x0, 0x0, 0x0, 0x0, 0x0, 0x1f, 0x30, 0x0,
    0x3, 0x33, 0x0, 0x96, 0x0, 0x1f, 0x30, 0x0,
    0x2f, 0xff, 0x0, 0x8e, 0x0, 0x1f, 0x30, 0x0,
    0x0, 0x5f, 0x0, 0x1f, 0x50, 0x1f, 0x30, 0x0,
    0x0, 0x5f, 0x0, 0xc, 0x90, 0x1f, 0x30, 0x0,
    0x0, 0x5f, 0x0, 0x1, 0x0, 0x1f, 0x30, 0x0,
    0x0, 0x5f, 0x0, 0x0, 0x21, 0x3f, 0x20, 0x0,
    0x0, 0x5f, 0x10, 0x0, 0x4f, 0xfe, 0x0, 0x0,
    0x7, 0xfa, 0xfb, 0x87, 0x67, 0x86, 0x66, 0x60,
    0xd, 0x60, 0x17, 0xbe, 0xff, 0xff, 0xff, 0xd0,
    0x0, 0x0, 0x0, 0x0, 0x0, 0x0, 0x0, 0x0,

    /* U+8FD4 "è¿" */
    0x3, 0x20, 0x0, 0x0, 0x13, 0x57, 0xba, 0x0,
    0xb, 0xf4, 0x0, 0xdf, 0xff, 0xeb, 0x85, 0x0,
    0x0, 0xae, 0x0, 0xd7, 0x10, 0x0, 0x0, 0x0,
    0x0, 0x2, 0x0, 0xd6, 0x0, 0x0, 0x0, 0x0,
    0x0, 0x0, 0x0, 0xdf, 0xee, 0xee, 0xee, 0x10,
    0x3, 0x33, 0x0, 0xd8, 0x44, 0x44, 0xae, 0x0,
    0x2f, 0xff, 0x0, 0xee, 0x60, 0x1, 0xf6, 0x0,
    0x0, 0x5f, 0x1, 0xf7, 0xed, 0x4c, 0xc0, 0x0,
    0x0, 0x5f, 0x5, 0xe0, 0x8, 0xff, 0x30, 0x0,
    0x0, 0x5f, 0xb, 0xa0, 0x2d, 0xdc, 0xe3, 0x0,
    0x0, 0x5f, 0xf, 0x38, 0xfa, 0x0, 0x9f, 0x50,
    0x0, 0x5f, 0x21, 0x1c, 0x40, 0x0, 0x7, 0x30,
    0x8, 0xfa, 0xfb, 0x87, 0x66, 0x66, 0x66, 0x60,
    0xd, 0x60, 0x17, 0xbe, 0xff, 0xff, 0xff, 0xc0,
    0x0, 0x0, 0x0, 0x0, 0x0, 0x0, 0x0, 0x0,

    /* U+8FDB "è¿" */
    0x3, 0x20, 0x0, 0x7, 0xd0, 0xf, 0x50, 0x0,
    0xb, 0xf4, 0x0, 0x7, 0xd0, 0xf, 0x50, 0x0,
    0x0, 0xae, 0x2, 0x39, 0xd3, 0x3f, 0x73, 0x30,
    0x0, 0x3, 0x9, 0xff, 0xff, 0xff, 0xff, 0xc0,
    0x0, 0x0, 0x0, 0x7, 0xd0, 0xf, 0x50, 0x0,
    0x3, 0x33, 0x0, 0x7, 0xd0, 0xf, 0x50, 0x0,
    0x3f, 0xff, 0x3, 0x39, 0xd3, 0x3f, 0x73, 0x30,
    0x0, 0x5f, 0xf, 0xff, 0xff, 0xff, 0xff, 0xf0,
    0x0, 0x5f, 0x0, 0xb, 0x90, 0xf, 0x50, 0x0,
    0x0, 0x5f, 0x0, 0x2f, 0x40, 0xf, 0x50, 0x0,
    0x0, 0x5f, 0x1, 0xdb, 0x0, 0xf, 0x50, 0x0,
    0x0, 0x6f, 0x28, 0xd1, 0x0, 0xe, 0x40, 0x0,
    0x8, 0xf9, 0xfc, 0x97, 0x66, 0x66, 0x66, 0x60,
    0xd, 0x60, 0x17, 0xbe, 0xff, 0xff, 0xff, 0xd0,
    0x0, 0x0, 0x0, 0x0, 0x0, 0x0, 0x0, 0x0,

    /* U+8FDE "è¿" */
    0x2, 0x10, 0x0, 0x0, 0x77, 0x0, 0x0, 0x0,
    0xb, 0xe2, 0x2, 0x33, 0xe9, 0x33, 0x33, 0x0,
    0x1, 0xce, 0x9, 0xff, 0xff, 0xff, 0xff, 0x30,
    0x0, 0x14, 0x0, 0xd, 0xa0, 0x10, 0x0, 0x0,
    0x0, 0x0, 0x0, 0x5f, 0x27, 0xd0, 0x0, 0x0,
    0x2, 0x22, 0x1, 0xe9, 0x7, 0xd0, 0x0, 0x0,
    0x3f, 0xff, 0x2, 0xff, 0xff, 0xff, 0xff, 0x10,
    0x0, 0x5f, 0x0, 0x22, 0x28, 0xd2, 0x22, 0x0,
    0x0, 0x5f, 0x0, 0x0, 0x7, 0xd0, 0x0, 0x0,
    0x0, 0x5f, 0xe, 0xff, 0xff, 0xff, 0xff, 0x70,
    0x0, 0x5f, 0x3, 0x33, 0x38, 0xd3, 0x33, 0x10,
    0x0, 0x5f, 0x0, 0x0, 0x7, 0xd0, 0x0, 0x0,
    0x6, 0xdc, 0xea, 0x77, 0x6a, 0xd6, 0x66, 0x60,
    0xd, 0x70, 0x38, 0xbe, 0xff, 0xff, 0xff, 0xd0,
    0x0, 0x0, 0x0, 0x0, 0x0, 0x0, 0x0, 0x0,

    /* U+9000 "é" */
    0x0, 0x0, 0x0, 0x0, 0x0, 0x0, 0x0, 0x0,
    0xb, 0xb1, 0x0, 0xff, 0xff, 0xff, 0xfe, 0x0,
    0x1, 0xbd, 0x0, 0xf6, 0x22, 0x22, 0x5e, 0x0,
    0x0, 0x2, 0x0, 0xff, 0xff, 0xff, 0xfe, 0x0,
    0x0, 0x0, 0x0, 0xf5, 0x0, 0x0, 0x4e, 0x0,
    0x3, 0x33, 0x0, 0xf9, 0x77, 0x77, 0x9e, 0x0,
    0x2f, 0xff, 0x0, 0xfc, 0xbb, 0xbb, 0xba, 0x0,
    0x0, 0x5f, 0x0, 0xf5, 0x4a, 0x10, 0x6b, 0x0,
    0x0, 0x5f, 0x0, 0xf5, 0x1a, 0xea, 0xf5, 0x0,
    0x0, 0x5f, 0x0, 0xf5, 0x0, 0x6f, 0xc0, 0x0,
    0x0, 0x5f, 0x0, 0xf9, 0xbb, 0x3, 0xed, 0x20,
    0x0, 0x5f, 0x20, 0xbc, 0x72, 0x0, 0x1b, 0x30,
    0x8, 0xfa, 0xfb, 0x87, 0x66, 0x66, 0x66, 0x61,
    0xd, 0x60, 0x17, 0xbd, 0xff, 0xff, 0xff, 0xe0,
    0x0, 0x0, 0x0, 0x0, 0x0, 0x0, 0x0, 0x0,

    /* U+9001 "é" */
    0x0, 0x0, 0x0, 0x0, 0x0, 0x0, 0x0, 0x0,
    0x3, 0x20, 0x0, 0x9, 0x60, 0x2, 0xe1, 0x0,
    0xb, 0xf4, 0x0, 0x8, 0xf1, 0x9, 0xc0, 0x0,
    0x0, 0xae, 0x0, 0x34, 0x73, 0x5f, 0x73, 0x10,
    0x0, 0x2, 0x1, 0xff, 0xff, 0xff, 0xff, 0x50,
    0x0, 0x0, 0x0, 0x0, 0x9, 0xa0, 0x0, 0x0,
    0x17, 0x77, 0x0, 0x0, 0xa, 0xa0, 0x0, 0x0,
    0x2a, 0xcf, 0x9, 0xff, 0xff, 0xff, 0xff, 0xe0,
    0x0, 0x5f, 0x2, 0x33, 0x4f, 0xc4, 0x33, 0x30,
    0x0, 0x5f, 0x0, 0x0, 0x6f, 0xfc, 0x20, 0x0,
    0x0, 0x5f, 0x0, 0x5, 0xf9, 0x2c, 0xf5, 0x0,
    0x0, 0x5f, 0x3, 0xbf, 0xa0, 0x0, 0x9f, 0x70,
    0x0, 0x5f, 0x23, 0xc5, 0x0, 0x0, 0x7, 0x50,
    0x8, 0xfa, 0xfc, 0x87, 0x76, 0x66, 0x66, 0x61,
    0xd, 0x60, 0x17, 0xbd, 0xff, 0xff, 0xff, 0xe0,
    0x0, 0x0, 0x0, 0x0, 0x0, 0x0, 0x0, 0x0,

    /* U+9009 "é" */
    0x4, 0x30, 0x0, 0x46, 0xe, 0x50, 0x0, 0x0,
    0xa, 0xf5, 0x0, 0xa8, 0xe, 0x50, 0x0, 0x0,
    0x0, 0x9d, 0x1, 0xff, 0xff, 0xff, 0xf7, 0x0,
    0x0, 0x1, 0x9, 0xc3, 0x3f, 0x73, 0x31, 0x0,
    0x0, 0x0, 0x9, 0x40, 0xe, 0x50, 0x0, 0x0,
    0x3, 0x33, 0x28, 0x88, 0x8f, 0xa8, 0x88, 0x40,
    0x2f, 0xff, 0x3b, 0xbd, 0xeb, 0xfc, 0xbb, 0x50,
    0x0, 0x5f, 0x0, 0x9, 0x90, 0xf3, 0x0, 0x0,
    0x0, 0x5f, 0x0, 0xe, 0x60, 0xf3, 0x0, 0x0,
    0x0, 0x5f, 0x0, 0x9f, 0x10, 0xf3, 0x7, 0x70,
    0x0, 0x5f, 0x1c, 0xf6, 0x0, 0xf7, 0x4c, 0x80,
    0x0, 0x5f, 0x19, 0x50, 0x0, 0x8d, 0xdb, 0x20,
    0x7, 0xfa, 0xfb, 0x87, 0x66, 0x66, 0x66, 0x50,
    0xd, 0x60, 0x27, 0xbe, 0xff, 0xff, 0xff, 0xa0,
    0x0, 0x0, 0x0, 0x0, 0x0, 0x0, 0x0, 0x0,

    /* U+901A "é" */
    0x9, 0x80, 0x4, 0xff, 0xff, 0xff, 0xff, 0x20,
    0x4, 0xeb, 0x0, 0x11, 0xa4, 0x5c, 0xc4, 0x0,
    0x0, 0x15, 0x0, 0x33, 0x8f, 0xf7, 0x33, 0x10,
    0x0, 0x0, 0x4, 0xfe, 0xef, 0xfe, 0xef, 0x50,
    0x3, 0x33, 0x4, 0xe0, 0xd, 0x60, 0xe, 0x50,
    0x2f, 0xff, 0x4, 0xff, 0xff, 0xff, 0xff, 0x50,
    0x0, 0x5f, 0x4, 0xe0, 0xd, 0x60, 0xe, 0x50,
    0x0, 0x5f, 0x4, 0xff, 0xff, 0xff, 0xff, 0x50,
    0x0, 0x5f, 0x4, 0xe0, 0xd, 0x60, 0xe, 0x50,
    0x0, 0x5f, 0x4, 0xe0, 0xd, 0x63, 0x2f, 0x50,
    0x0, 0x5f, 0x3, 0xb0, 0xb, 0x5a, 0xec, 0x10,
    0x7, 0xea, 0xea, 0x77, 0x66, 0x66, 0x66, 0x50,
    0xd, 0x60, 0x27, 0xbe, 0xff, 0xff, 0xff, 0xa0,
    0x0, 0x0, 0x0, 0x0, 0x0, 0x0, 0x0, 0x0,

    /* U+914D "é" */
    0x1f, 0xff, 0xff, 0xfe, 0xef, 0xff, 0xff, 0x50,
    0x2, 0x2e, 0x7b, 0x21, 0x23, 0x33, 0x3e, 0x50,
    0xa, 0xff, 0xff, 0xf7, 0x0, 0x0, 0xe, 0x50,
    0xb, 0x7e, 0x7b, 0xb7, 0x0, 0x0, 0xe, 0x50,
    0xb, 0x5f, 0x5a, 0xa7, 0x45, 0x55, 0x5f, 0x50,
    0xb, 0x6f, 0x4a, 0xa7, 0xcf, 0xff, 0xff, 0x50,
    0xb, 0x9c, 0x3d, 0xc7, 0xc6, 0x0, 0xe, 0x50,
    0xb, 0xe7, 0xb, 0xf7, 0xc6, 0x0, 0x0, 0x0,
    0xb, 0xb1, 0x11, 0xa7, 0xc6, 0x0, 0x0, 0x0,
    0xb, 0xff, 0xff, 0xf7, 0xc6, 0x0, 0x0, 0xe3,
    0xb, 0x50, 0x0, 0xa7, 0xc6, 0x0, 0x1, 0xf2,
    0xb, 0xed, 0xdd, 0xf7, 0xcb, 0x44, 0x5b, 0xe0,
    0xb, 0x73, 0x33, 0xb7, 0x6e, 0xff, 0xfd, 0x50,

    /* U+91CD "é" */
    0x0, 0x0, 0x0, 0x0, 0x0, 0x1, 0x21, 0x0,
    0x2, 0xdd, 0xdd, 0xee, 0xff, 0xff, 0xfb, 0x0,
    0x2, 0x77, 0x66, 0x6c, 0xb4, 0x32, 0x22, 0x20,
    0xf, 0xff, 0xff, 0xff, 0xff, 0xff, 0xff, 0xf0,
    0x0, 0x22, 0x22, 0x2b, 0xa2, 0x22, 0x21, 0x0,
    0x0, 0xef, 0xff, 0xff, 0xff, 0xff, 0xfb, 0x0,
    0x0, 0xe6, 0x11, 0x1b, 0x91, 0x11, 0x7b, 0x0,
    0x0, 0xef, 0xff, 0xff, 0xff, 0xff, 0xfb, 0x0,
    0x0, 0xe6, 0x11, 0x1b, 0x91, 0x11, 0x7b, 0x0,
    0x0, 0xdf, 0xff, 0xff, 0xff, 0xff, 0xfa, 0x0,
    0x1, 0x22, 0x22, 0x2b, 0xa2, 0x22, 0x22, 0x10,
    0x7, 0xff, 0xff, 0xff, 0xff, 0xff, 0xff, 0x60,
    0x3, 0x33, 0x33, 0x3b, 0xa3, 0x33, 0x33, 0x30,
    0x2f, 0xff, 0xff, 0xff, 0xff, 0xff, 0xff, 0xf0,

    /* U+952E "é®" */
    0x0, 0x82, 0x0, 0x0, 0x0, 0xf, 0x20, 0x0,
    0x1f, 0x30, 0xf, 0xfe, 0x37, 0xf8, 0x71, 0x7,
    0xfc, 0xc4, 0x8, 0xa3, 0x6f, 0x7f, 0x21, 0xf5,
    0x0, 0x1, 0xf6, 0xdd, 0xfd, 0xfd, 0x2c, 0x99,
    0x91, 0x8a, 0x3, 0x3f, 0x5e, 0x50, 0xe, 0xfd,
    0x1e, 0xc8, 0x13, 0xf5, 0xe2, 0x0, 0x4f, 0x0,
    0x6a, 0xb7, 0xcf, 0xcc, 0x10, 0x4, 0xf0, 0x5,
    0x7a, 0x0, 0xf2, 0x0, 0xb, 0xdf, 0xc6, 0xea,
    0x8b, 0xff, 0xff, 0x40, 0x47, 0xf4, 0x1e, 0xe5,
    0x0, 0xf2, 0x0, 0x0, 0x4f, 0x0, 0x9f, 0x3f,
    0xff, 0xff, 0xa0, 0x4, 0xf0, 0x7, 0xf1, 0x0,
    0xf2, 0x0, 0x0, 0x4f, 0xd6, 0xea, 0xe8, 0x4a,
    0x33, 0x20, 0x1, 0xb4, 0x87, 0x5, 0xbe, 0xff,
    0xfb, 0x0, 0x0, 0x0, 0x0, 0x0, 0x0, 0x0,
    0x0,

    /* U+95EE "é®" */
    0x0, 0x64, 0x0, 0x0, 0x0, 0x0, 0x0, 0x0,
    0x6e, 0x15, 0xff, 0xff, 0xff, 0xf5, 0x28, 0x4,
    0x10, 0x22, 0x22, 0x22, 0xe5, 0x5e, 0x0, 0x0,
    0x0, 0x0, 0x0, 0xe5, 0x5e, 0x0, 0x11, 0x11,
    0x10, 0x0, 0xe5, 0x5e, 0x0, 0xff, 0xff, 0xfe,
    0x0, 0xe5, 0x5e, 0x0, 0xf5, 0x22, 0x6e, 0x0,
    0xe5, 0x5e, 0x0, 0xf3, 0x0, 0x5e, 0x0, 0xe5,
    0x5e, 0x0, 0xf3, 0x0, 0x5e, 0x0, 0xe5, 0x5e,
    0x0, 0xf6, 0x33, 0x7e, 0x0, 0xe5, 0x5e, 0x0,
    0xff, 0xff, 0xfe, 0x0, 0xe5, 0x5e, 0x0, 0x0,
    0x0, 0x0, 0x0, 0xe5, 0x5e, 0x0, 0x0, 0x0,
    0x0, 0x24, 0xf4, 0x5e, 0x0, 0x0, 0x0, 0x0,
    0x4f, 0xd1,

    /* U+95F2 "é²" */
    0x0, 0x63, 0x0, 0x0, 0x0, 0x0, 0x0, 0x0,
    0x9e, 0x5, 0xff, 0xff, 0xff, 0xf5, 0x28, 0xb,
    0x20, 0x22, 0x22, 0x22, 0xe5, 0x5e, 0x0, 0x0,
    0xd6, 0x0, 0x0, 0xe5, 0x5e, 0x6, 0x66, 0xea,
    0x66, 0x50, 0xe5, 0x5e, 0x1b, 0xbe, 0xfd, 0xbb,
    0xa0, 0xe5, 0x5e, 0x0, 0xe, 0xf6, 0x0, 0x0,
    0xe5, 0x5e, 0x0, 0x5d, 0xd6, 0x95, 0x0, 0xe5,
    0x5e, 0x0, 0xd6, 0xd6, 0x6f, 0x20, 0xe5, 0x5e,
    0x8, 0xe0, 0xd6, 0xc, 0xa0, 0xe5, 0x5e, 0x3f,
    0x40, 0xd6, 0x4, 0x70, 0xe5, 0x5e, 0x3, 0x0,
    0xd6, 0x0, 0x0, 0xe5, 0x5e, 0x0, 0x0, 0xd6,
    0x0, 0x35, 0xf4, 0x5e, 0x0, 0x0, 0xa4, 0x0,
    0x6f, 0xd1,

    /* U+95F4 "é´" */
    0x0, 0x63, 0x0, 0x0, 0x0, 0x0, 0x0, 0x0,
    0x7e, 0x5, 0xff, 0xff, 0xff, 0xf5, 0x28, 0x4,
    0x10, 0x22, 0x22, 0x22, 0xe5, 0x5e, 0x0, 0x0,
    0x0, 0x0, 0x0, 0xe5, 0x5e, 0x0, 0xef, 0xff,
    0xfe, 0x0, 0xe5, 0x5e, 0x0, 0xe6, 0x22, 0x6e,
    0x0, 0xe5, 0x5e, 0x0, 0xe4, 0x0, 0x4e, 0x0,
    0xe5, 0x5e, 0x0, 0xee, 0xee, 0xee, 0x0, 0xe5,
    0x5e, 0x0, 0xe7, 0x44, 0x7e, 0x0, 0xe5, 0x5e,
    0x0, 0xe4, 0x0, 0x4e, 0x0, 0xe5, 0x5e, 0x0,
    0xe6, 0x33, 0x6e, 0x0, 0xe5, 0x5e, 0x0, 0xcd,
    0xdd, 0xdc, 0x0, 0xe5, 0x5e, 0x0, 0x0, 0x0,
    0x0, 0x24, 0xf4, 0x5e, 0x0, 0x0, 0x0, 0x0,
    0x4f, 0xd1,

    /* U+9636 "é¶" */
    0x0, 0x0, 0x0, 0x0, 0x5, 0x0, 0x0, 0xe,
    0xff, 0xff, 0x60, 0x7, 0xf3, 0x0, 0x0, 0xe7,
    0x46, 0xf3, 0x4, 0xfc, 0xe2, 0x0, 0xe, 0x40,
    0xb9, 0x4, 0xf7, 0xa, 0xe3, 0x0, 0xe4, 0x5e,
    0x16, 0xf8, 0x0, 0x9, 0xf7, 0xe, 0x46, 0xf3,
    0xe7, 0x80, 0x2, 0x96, 0xc0, 0xe4, 0xb, 0xa0,
    0x2f, 0x10, 0x4f, 0x0, 0xe, 0x40, 0x5e, 0x2,
    0xf1, 0x4, 0xf0, 0x0, 0xe4, 0x3, 0xf0, 0x3f,
    0x0, 0x4f, 0x0, 0xe, 0x54, 0x9d, 0x5, 0xf0,
    0x4, 0xf0, 0x0, 0xe6, 0xff, 0x50, 0x8c, 0x0,
    0x4f, 0x0, 0xe, 0x40, 0x0, 0xe, 0x70, 0x4,
    0xf0, 0x0, 0xe4, 0x0, 0x8, 0xe0, 0x0, 0x4f,
    0x0, 0xe, 0x40, 0x0, 0xb3, 0x0, 0x4, 0xf0,
    0x0,

    /* U+9664 "é¤" */
    0x0, 0x0, 0x0, 0x0, 0x45, 0x0, 0x0, 0xf,
    0xff, 0xf3, 0x0, 0x1f, 0xd1, 0x0, 0x0, 0xf4,
    0x3f, 0x0, 0xd, 0xcb, 0xe2, 0x0, 0xf, 0x49,
    0x90, 0x1c, 0xd1, 0xb, 0xf7, 0x0, 0xf4, 0xf2,
    0x3d, 0xd4, 0x22, 0x29, 0xfd, 0xf, 0x8e, 0x4,
    0x91, 0xff, 0xff, 0x73, 0x70, 0xf4, 0xc7, 0x0,
    0x0, 0x8c, 0x0, 0x0, 0xf, 0x45, 0xd2, 0x33,
    0x39, 0xc3, 0x33, 0x20, 0xf4, 0x1f, 0x9f, 0xff,
    0xff, 0xff, 0xf9, 0xf, 0x42, 0xf1, 0x8, 0x18,
    0xc0, 0x71, 0x0, 0xfa, 0xeb, 0x9, 0xe0, 0x8c,
    0xc, 0xc0, 0xf, 0x43, 0x8, 0xf4, 0x8, 0xc0,
    0x1d, 0x90, 0xf4, 0x0, 0xd6, 0x35, 0xbb, 0x0,
    0x3d, 0x1f, 0x40, 0x0, 0x4, 0xee, 0x50, 0x0,
    0x0,

    /* U+969C "é" */
    0x0, 0x0, 0x0, 0x0, 0x47, 0x0, 0x0, 0xe,
    0xff, 0xfc, 0xdf, 0xff, 0xff, 0xff, 0x80, 0xe4,
    0x2b, 0x91, 0xaa, 0x11, 0x2f, 0x41, 0xe, 0x30,
    0xf3, 0x16, 0xe1, 0x15, 0xe1, 0x10, 0xe3, 0x6c,
    0x5f, 0xff, 0xff, 0xff, 0xff, 0x1e, 0x3c, 0x60,
    0x0, 0x0, 0x0, 0x0, 0x0, 0xe3, 0x7c, 0x6,
    0xfe, 0xee, 0xee, 0xf0, 0xe, 0x30, 0xe3, 0x6d,
    0x0, 0x0, 0x3f, 0x0, 0xe3, 0xa, 0x86, 0xfe,
    0xee, 0xee, 0xf0, 0xe, 0x30, 0x98, 0x6d, 0x0,
    0x0, 0x3f, 0x0, 0xe7, 0x9e, 0x56, 0xff, 0xff,
    0xff, 0xe0, 0xe, 0x59, 0x60, 0x11, 0x16, 0xe1,
    0x11, 0x10, 0xe3, 0x0, 0x6f, 0xff, 0xff, 0xff,
    0xff, 0xe, 0x30, 0x0, 0x0, 0x5, 0xe0, 0x0,
    0x0,

    /* U+9759 "é" */
    0x0, 0x0, 0x0, 0x0, 0x0, 0x0, 0x0, 0x0,
    0x0, 0x3, 0xf0, 0x0, 0x6, 0x80, 0x0, 0x0,
    0xf, 0xff, 0xff, 0xf9, 0x1e, 0xda, 0xa5, 0x0,
    0x1, 0x14, 0xf1, 0x11, 0xbe, 0x77, 0xe7, 0x0,
    0x6, 0xff, 0xff, 0xf9, 0xf4, 0x4, 0xf4, 0x0,
    0x3, 0x36, 0xf3, 0x32, 0x3e, 0xff, 0xff, 0xe0,
    0x1d, 0xdd, 0xdd, 0xd9, 0x1, 0x3f, 0x16, 0xe0,
    0x2, 0x55, 0x55, 0x51, 0x33, 0x5f, 0x37, 0xf2,
    0x7, 0xeb, 0xbb, 0xf6, 0xff, 0xff, 0xff, 0xf8,
    0x7, 0xc2, 0x22, 0xf2, 0x0, 0x2f, 0x5, 0xe0,
    0x7, 0xfd, 0xdd, 0xf2, 0x14, 0x6f, 0x48, 0xe0,
    0x7, 0xc1, 0x11, 0xf2, 0x3e, 0xef, 0xee, 0xe0,
    0x7, 0xff, 0xff, 0xf2, 0x0, 0x2f, 0x1, 0x50,
    0x7, 0xb0, 0x12, 0xf2, 0x1, 0x5f, 0x0, 0x0,
    0x6, 0xb0, 0x6f, 0xc0, 0x6, 0xfb, 0x0, 0x0,

    /* U+9762 "é¢" */
    0x3f, 0xff, 0xff, 0xff, 0xff, 0xff, 0xff, 0xf2,
    0x3, 0x33, 0x33, 0x6f, 0x33, 0x33, 0x33, 0x30,
    0x0, 0x33, 0x33, 0xab, 0x33, 0x33, 0x33, 0x0,
    0x4, 0xff, 0xff, 0xff, 0xff, 0xff, 0xff, 0x20,
    0x4, 0xf0, 0xb, 0x80, 0xa, 0x90, 0x2f, 0x20,
    0x4, 0xf0, 0xb, 0x93, 0x3b, 0x90, 0x2f, 0x20,
    0x4, 0xf0, 0xb, 0xff, 0xff, 0x90, 0x2f, 0x20,
    0x4, 0xf0, 0xb, 0x80, 0xa, 0x90, 0x2f, 0x20,
    0x4, 0xf0, 0xb, 0xa4, 0x4b, 0x90, 0x2f, 0x20,
    0x4, 0xf0, 0xb, 0xed, 0xdf, 0x90, 0x2f, 0x20,
    0x4, 0xf0, 0xb, 0x80, 0xa, 0x90, 0x2f, 0x20,
    0x4, 0xf5, 0x5c, 0xa5, 0x5c, 0xb5, 0x6f, 0x20,
    0x4, 0xfc, 0xcc, 0xcc, 0xcc, 0xcc, 0xcf, 0x20,

    /* U+97F3 "é³" */
    0x0, 0x0, 0x0, 0x1, 0x0, 0x0, 0x0, 0x0,
    0x0, 0x0, 0x0, 0x1f, 0x60, 0x0, 0x0, 0x0,
    0x4, 0xff, 0xff, 0xff, 0xff, 0xff, 0xff, 0x40,
    0x1, 0x33, 0x76, 0x33, 0x33, 0x67, 0x33, 0x10,
    0x0, 0x0, 0xcb, 0x0, 0x0, 0xcc, 0x0, 0x0,
    0x3, 0x33, 0x8f, 0x43, 0x36, 0xf7, 0x33, 0x30,
    0x2f, 0xff, 0xff, 0xff, 0xff, 0xff, 0xff, 0xf2,
    0x0, 0x0, 0x0, 0x0, 0x0, 0x0, 0x0, 0x0,
    0x0, 0x2f, 0xff, 0xff, 0xff, 0xff, 0xf0, 0x0,
    0x0, 0x3f, 0x43, 0x33, 0x33, 0x36, 0xf0, 0x0,
    0x0, 0x3f, 0x32, 0x22, 0x22, 0x26, 0xf0, 0x0,
    0x0, 0x3f, 0xff, 0xff, 0xff, 0xff, 0xf0, 0x0,
    0x0, 0x3f, 0x10, 0x0, 0x0, 0x4, 0xf0, 0x0,
    0x0, 0x3f, 0x54, 0x44, 0x44, 0x47, 0xf0, 0x0,
    0x0, 0x3f, 0xee, 0xee, 0xee, 0xee, 0xf0, 0x0,

    /* U+9891 "é¢" */
    0x0, 0x0, 0xe5, 0x0, 0x0, 0x0, 0x0, 0x0,
    0x0, 0xc3, 0xe5, 0x16, 0xff, 0xff, 0xff, 0xd0,
    0x0, 0xf4, 0xef, 0xf1, 0x23, 0x9c, 0x33, 0x10,
    0x0, 0xf4, 0xe5, 0x0, 0xcf, 0xff, 0xff, 0x50,
    0x0, 0xf4, 0xe5, 0x0, 0xc8, 0x11, 0x1e, 0x50,
    0xf, 0xff, 0xff, 0xfa, 0xc7, 0x29, 0xe, 0x50,
    0x0, 0x11, 0x31, 0x10, 0xc7, 0x4f, 0xe, 0x50,
    0x0, 0x92, 0xf3, 0x0, 0xc7, 0x5e, 0xe, 0x50,
    0x2, 0xf1, 0xf3, 0xe5, 0xc7, 0x5e, 0xe, 0x50,
    0x9, 0xb0, 0xf8, 0xf0, 0xc7, 0x7d, 0xe, 0x50,
    0xf, 0x40, 0xff, 0x70, 0xc7, 0xc9, 0xe, 0x50,
    0x1, 0x0, 0xfb, 0x0, 0x17, 0xf7, 0xd3, 0x0,
    0x0, 0x3d, 0xc1, 0x0, 0x8f, 0x80, 0x9e, 0x20,
    0x8, 0xf8, 0x0, 0xd, 0xf6, 0x0, 0xa, 0xd0,
    0x2, 0x10, 0x0, 0x2, 0x10, 0x0, 0x0, 0x20,

    /* U+9A8C "éª" */
    0x0, 0x0, 0x0, 0x0, 0x0, 0x20, 0x0, 0x0,
    0xe, 0xff, 0xfc, 0x0, 0x2, 0xf7, 0x0, 0x0,
    0x0, 0x11, 0x7b, 0x0, 0xd, 0xee, 0x20, 0x0,
    0x4, 0xc0, 0x7a, 0x0, 0xbe, 0x29, 0xe2, 0x0,
    0x6, 0xc0, 0x99, 0xb, 0xf4, 0x0, 0xae, 0x50,
    0x7, 0xb0, 0xa8, 0x7f, 0xc9, 0x99, 0x9d, 0xf1,
    0x9, 0x90, 0xc6, 0x1, 0x66, 0x66, 0x63, 0x10,
    0xa, 0xff, 0xff, 0x82, 0x13, 0x70, 0x1b, 0x10,
    0x1, 0x22, 0x2f, 0x8a, 0x83, 0xe0, 0x5f, 0x0,
    0x0, 0x5, 0xf, 0x76, 0xd0, 0xf1, 0x9b, 0x0,
    0x5, 0xde, 0x1f, 0x52, 0xf0, 0xe5, 0xe7, 0x0,
    0xe, 0xa1, 0x2f, 0x30, 0xf2, 0x23, 0xf1, 0x0,
    0x1, 0x3, 0x8f, 0x14, 0x54, 0x4a, 0xd4, 0x40,
    0x0, 0xe, 0xf7, 0x1f, 0xff, 0xff, 0xff, 0xe0
};


/*---------------------
 *  GLYPH DESCRIPTION
 *--------------------*/

static const lv_font_fmt_txt_glyph_dsc_t glyph_dsc[] = {
    {.bitmap_index = 0, .adv_w = 0, .box_w = 0, .box_h = 0, .ofs_x = 0, .ofs_y = 0} /* id = 0 reserved */,
    {.bitmap_index = 0, .adv_w = 67, .box_w = 0, .box_h = 0, .ofs_x = 0, .ofs_y = 0},
    {.bitmap_index = 0, .adv_w = 256, .box_w = 14, .box_h = 2, .ofs_x = 1, .ofs_y = 5},
    {.bitmap_index = 14, .adv_w = 256, .box_w = 16, .box_h = 13, .ofs_x = 0, .ofs_y = -1},
    {.bitmap_index = 118, .adv_w = 256, .box_w = 14, .box_h = 14, .ofs_x = 1, .ofs_y = -1},
    {.bitmap_index = 216, .adv_w = 256, .box_w = 15, .box_h = 15, .ofs_x = 0, .ofs_y = -2},
    {.bitmap_index = 329, .adv_w = 256, .box_w = 14, .box_h = 14, .ofs_x = 1, .ofs_y = -1},
    {.bitmap_index = 427, .adv_w = 256, .box_w = 14, .box_h = 15, .ofs_x = 1, .ofs_y = -2},
    {.bitmap_index = 532, .adv_w = 256, .box_w = 16, .box_h = 14, .ofs_x = 0, .ofs_y = -1},
    {.bitmap_index = 644, .adv_w = 256, .box_w = 16, .box_h = 14, .ofs_x = 0, .ofs_y = -1},
    {.bitmap_index = 756, .adv_w = 256, .box_w = 16, .box_h = 15, .ofs_x = 0, .ofs_y = -2},
    {.bitmap_index = 876, .adv_w = 256, .box_w = 16, .box_h = 16, .ofs_x = 0, .ofs_y = -2},
    {.bitmap_index = 1004, .adv_w = 256, .box_w = 14, .box_h = 15, .ofs_x = 2, .ofs_y = -2},
    {.bitmap_index = 1109, .adv_w = 256, .box_w = 16, .box_h = 14, .ofs_x = 0, .ofs_y = -1},
    {.bitmap_index = 1221, .adv_w = 256, .box_w = 16, .box_h = 15, .ofs_x = 0, .ofs_y = -1},
    {.bitmap_index = 1341, .adv_w = 256, .box_w = 16, .box_h = 16, .ofs_x = 0, .ofs_y = -2},
    {.bitmap_index = 1469, .adv_w = 256, .box_w = 16, .box_h = 15, .ofs_x = 0, .ofs_y = -2},
    {.bitmap_index = 1589, .adv_w = 256, .box_w = 16, .box_h = 15, .ofs_x = 0, .ofs_y = -1},
    {.bitmap_index = 1709, .adv_w = 256, .box_w = 16, .box_h = 14, .ofs_x = 0, .ofs_y = -1},
    {.bitmap_index = 1821, .adv_w = 256, .box_w = 15, .box_h = 15, .ofs_x = 0, .ofs_y = -1},
    {.bitmap_index = 1934, .adv_w = 256, .box_w = 16, .box_h = 14, .ofs_x = 0, .ofs_y = -1},
    {.bitmap_index = 2046, .adv_w = 256, .box_w = 16, .box_h = 15, .ofs_x = 0, .ofs_y = -1},
    {.bitmap_index = 2166, .adv_w = 256, .box_w = 15, .box_h = 15, .ofs_x = 1, .ofs_y = -2},
    {.bitmap_index = 2279, .adv_w = 256, .box_w = 15, .box_h = 15, .ofs_x = 0, .ofs_y = -2},
    {.bitmap_index = 2392, .adv_w = 256, .box_w = 16, .box_h = 15, .ofs_x = 0, .ofs_y = -2},
    {.bitmap_index = 2512, .adv_w = 256, .box_w = 14, .box_h = 15, .ofs_x = 1, .ofs_y = -2},
    {.bitmap_index = 2617, .adv_w = 256, .box_w = 16, .box_h = 13, .ofs_x = 0, .ofs_y = -1},
    {.bitmap_index = 2721, .adv_w = 256, .box_w = 14, .box_h = 14, .ofs_x = 1, .ofs_y = -1},
    {.bitmap_index = 2819, .adv_w = 256, .box_w = 14, .box_h = 14, .ofs_x = 1, .ofs_y = -1},
    {.bitmap_index = 2917, .adv_w = 256, .box_w = 14, .box_h = 15, .ofs_x = 1, .ofs_y = -2},
    {.bitmap_index = 3022, .adv_w = 256, .box_w = 15, .box_h = 14, .ofs_x = 0, .ofs_y = -1},
    {.bitmap_index = 3127, .adv_w = 256, .box_w = 15, .box_h = 14, .ofs_x = 0, .ofs_y = -1},
    {.bitmap_index = 3232, .adv_w = 256, .box_w = 15, .box_h = 14, .ofs_x = 0, .ofs_y = -1},
    {.bitmap_index = 3337, .adv_w = 256, .box_w = 14, .box_h = 16, .ofs_x = 1, .ofs_y = -2},
    {.bitmap_index = 3449, .adv_w = 256, .box_w = 15, .box_h = 15, .ofs_x = 0, .ofs_y = -2},
    {.bitmap_index = 3562, .adv_w = 256, .box_w = 15, .box_h = 15, .ofs_x = 0, .ofs_y = -2},
    {.bitmap_index = 3675, .adv_w = 256, .box_w = 14, .box_h = 13, .ofs_x = 1, .ofs_y = -1},
    {.bitmap_index = 3766, .adv_w = 256, .box_w = 14, .box_h = 15, .ofs_x = 1, .ofs_y = -1},
    {.bitmap_index = 3871, .adv_w = 256, .box_w = 14, .box_h = 14, .ofs_x = 1, .ofs_y = -1},
    {.bitmap_index = 3969, .adv_w = 256, .box_w = 15, .box_h = 15, .ofs_x = 0, .ofs_y = -2},
    {.bitmap_index = 4082, .adv_w = 256, .box_w = 16, .box_h = 13, .ofs_x = 0, .ofs_y = -1},
    {.bitmap_index = 4186, .adv_w = 256, .box_w = 16, .box_h = 14, .ofs_x = 0, .ofs_y = -1},
    {.bitmap_index = 4298, .adv_w = 256, .box_w = 14, .box_h = 15, .ofs_x = 1, .ofs_y = -1},
    {.bitmap_index = 4403, .adv_w = 256, .box_w = 16, .box_h = 14, .ofs_x = 0, .ofs_y = -2},
    {.bitmap_index = 4515, .adv_w = 256, .box_w = 15, .box_h = 15, .ofs_x = 0, .ofs_y = -2},
    {.bitmap_index = 4628, .adv_w = 256, .box_w = 15, .box_h = 15, .ofs_x = 0, .ofs_y = -2},
    {.bitmap_index = 4741, .adv_w = 256, .box_w = 16, .box_h = 14, .ofs_x = 0, .ofs_y = -1},
    {.bitmap_index = 4853, .adv_w = 256, .box_w = 15, .box_h = 15, .ofs_x = 0, .ofs_y = -1},
    {.bitmap_index = 4966, .adv_w = 256, .box_w = 14, .box_h = 14, .ofs_x = 1, .ofs_y = -1},
    {.bitmap_index = 5064, .adv_w = 256, .box_w = 15, .box_h = 14, .ofs_x = 0, .ofs_y = -1},
    {.bitmap_index = 5169, .adv_w = 256, .box_w = 15, .box_h = 15, .ofs_x = 0, .ofs_y = -2},
    {.bitmap_index = 5282, .adv_w = 256, .box_w = 16, .box_h = 14, .ofs_x = 0, .ofs_y = -1},
    {.bitmap_index = 5394, .adv_w = 256, .box_w = 15, .box_h = 14, .ofs_x = 0, .ofs_y = -1},
    {.bitmap_index = 5499, .adv_w = 256, .box_w = 16, .box_h = 15, .ofs_x = 0, .ofs_y = -2},
    {.bitmap_index = 5619, .adv_w = 256, .box_w = 16, .box_h = 15, .ofs_x = 0, .ofs_y = -2},
    {.bitmap_index = 5739, .adv_w = 256, .box_w = 16, .box_h = 13, .ofs_x = 0, .ofs_y = -1},
    {.bitmap_index = 5843, .adv_w = 256, .box_w = 14, .box_h = 14, .ofs_x = 1, .ofs_y = -1},
    {.bitmap_index = 5941, .adv_w = 256, .box_w = 16, .box_h = 14, .ofs_x = 0, .ofs_y = -1},
    {.bitmap_index = 6053, .adv_w = 256, .box_w = 15, .box_h = 15, .ofs_x = 1, .ofs_y = -2},
    {.bitmap_index = 6166, .adv_w = 256, .box_w = 15, .box_h = 15, .ofs_x = 1, .ofs_y = -2},
    {.bitmap_index = 6279, .adv_w = 256, .box_w = 16, .box_h = 15, .ofs_x = 0, .ofs_y = -2},
    {.bitmap_index = 6399, .adv_w = 256, .box_w = 15, .box_h = 14, .ofs_x = 0, .ofs_y = -2},
    {.bitmap_index = 6504, .adv_w = 256, .box_w = 16, .box_h = 14, .ofs_x = 0, .ofs_y = -2},
    {.bitmap_index = 6616, .adv_w = 256, .box_w = 16, .box_h = 14, .ofs_x = 0, .ofs_y = -1},
    {.bitmap_index = 6728, .adv_w = 256, .box_w = 14, .box_h = 14, .ofs_x = 1, .ofs_y = -1},
    {.bitmap_index = 6826, .adv_w = 256, .box_w = 14, .box_h = 14, .ofs_x = 1, .ofs_y = -1},
    {.bitmap_index = 6924, .adv_w = 256, .box_w = 15, .box_h = 15, .ofs_x = 0, .ofs_y = -1},
    {.bitmap_index = 7037, .adv_w = 256, .box_w = 16, .box_h = 15, .ofs_x = 0, .ofs_y = -2},
    {.bitmap_index = 7157, .adv_w = 256, .box_w = 16, .box_h = 16, .ofs_x = 0, .ofs_y = -2},
    {.bitmap_index = 7285, .adv_w = 256, .box_w = 16, .box_h = 14, .ofs_x = 0, .ofs_y = -2},
    {.bitmap_index = 7397, .adv_w = 256, .box_w = 16, .box_h = 14, .ofs_x = 0, .ofs_y = -2},
    {.bitmap_index = 7509, .adv_w = 256, .box_w = 13, .box_h = 14, .ofs_x = 1, .ofs_y = -1},
    {.bitmap_index = 7600, .adv_w = 256, .box_w = 16, .box_h = 14, .ofs_x = 0, .ofs_y = -1},
    {.bitmap_index = 7712, .adv_w = 256, .box_w = 16, .box_h = 15, .ofs_x = 0, .ofs_y = -1},
    {.bitmap_index = 7832, .adv_w = 256, .box_w = 16, .box_h = 15, .ofs_x = 0, .ofs_y = -1},
    {.bitmap_index = 7952, .adv_w = 256, .box_w = 16, .box_h = 14, .ofs_x = 0, .ofs_y = -1},
    {.bitmap_index = 8064, .adv_w = 256, .box_w = 16, .box_h = 15, .ofs_x = 0, .ofs_y = -2},
    {.bitmap_index = 8184, .adv_w = 256, .box_w = 15, .box_h = 14, .ofs_x = 0, .ofs_y = -1},
    {.bitmap_index = 8289, .adv_w = 256, .box_w = 15, .box_h = 14, .ofs_x = 0, .ofs_y = -1},
    {.bitmap_index = 8394, .adv_w = 256, .box_w = 16, .box_h = 14, .ofs_x = 0, .ofs_y = -1},
    {.bitmap_index = 8506, .adv_w = 256, .box_w = 15, .box_h = 14, .ofs_x = 0, .ofs_y = -1},
    {.bitmap_index = 8611, .adv_w = 256, .box_w = 16, .box_h = 14, .ofs_x = 0, .ofs_y = -1},
    {.bitmap_index = 8723, .adv_w = 256, .box_w = 16, .box_h = 14, .ofs_x = 0, .ofs_y = -1},
    {.bitmap_index = 8835, .adv_w = 256, .box_w = 16, .box_h = 15, .ofs_x = 0, .ofs_y = -1},
    {.bitmap_index = 8955, .adv_w = 256, .box_w = 16, .box_h = 14, .ofs_x = 0, .ofs_y = -1},
    {.bitmap_index = 9067, .adv_w = 256, .box_w = 16, .box_h = 14, .ofs_x = 0, .ofs_y = -1},
    {.bitmap_index = 9179, .adv_w = 256, .box_w = 16, .box_h = 14, .ofs_x = 0, .ofs_y = -1},
    {.bitmap_index = 9291, .adv_w = 256, .box_w = 16, .box_h = 14, .ofs_x = 0, .ofs_y = -1},
    {.bitmap_index = 9403, .adv_w = 256, .box_w = 16, .box_h = 16, .ofs_x = 0, .ofs_y = -2},
    {.bitmap_index = 9531, .adv_w = 256, .box_w = 16, .box_h = 15, .ofs_x = 0, .ofs_y = -1},
    {.bitmap_index = 9651, .adv_w = 256, .box_w = 16, .box_h = 14, .ofs_x = 0, .ofs_y = -2},
    {.bitmap_index = 9763, .adv_w = 256, .box_w = 12, .box_h = 13, .ofs_x = 2, .ofs_y = -1},
    {.bitmap_index = 9841, .adv_w = 256, .box_w = 15, .box_h = 14, .ofs_x = 1, .ofs_y = -1},
    {.bitmap_index = 9946, .adv_w = 256, .box_w = 16, .box_h = 13, .ofs_x = 0, .ofs_y = -1},
    {.bitmap_index = 10050, .adv_w = 256, .box_w = 15, .box_h = 15, .ofs_x = 0, .ofs_y = -1},
    {.bitmap_index = 10163, .adv_w = 256, .box_w = 15, .box_h = 14, .ofs_x = 0, .ofs_y = -1},
    {.bitmap_index = 10268, .adv_w = 256, .box_w = 16, .box_h = 13, .ofs_x = 0, .ofs_y = -1},
    {.bitmap_index = 10372, .adv_w = 256, .box_w = 16, .box_h = 14, .ofs_x = 0, .ofs_y = -1},
    {.bitmap_index = 10484, .adv_w = 256, .box_w = 16, .box_h = 14, .ofs_x = 0, .ofs_y = -1},
    {.bitmap_index = 10596, .adv_w = 256, .box_w = 16, .box_h = 15, .ofs_x = 0, .ofs_y = -1},
    {.bitmap_index = 10716, .adv_w = 256, .box_w = 16, .box_h = 14, .ofs_x = 0, .ofs_y = -1},
    {.bitmap_index = 10828, .adv_w = 256, .box_w = 16, .box_h = 14, .ofs_x = 0, .ofs_y = -1},
    {.bitmap_index = 10940, .adv_w = 256, .box_w = 16, .box_h = 14, .ofs_x = 0, .ofs_y = -1},
    {.bitmap_index = 11052, .adv_w = 256, .box_w = 16, .box_h = 13, .ofs_x = 0, .ofs_y = -1},
    {.bitmap_index = 11156, .adv_w = 256, .box_w = 16, .box_h = 15, .ofs_x = 0, .ofs_y = -2},
    {.bitmap_index = 11276, .adv_w = 256, .box_w = 16, .box_h = 15, .ofs_x = 0, .ofs_y = -2},
    {.bitmap_index = 11396, .adv_w = 256, .box_w = 16, .box_h = 15, .ofs_x = 0, .ofs_y = -2},
    {.bitmap_index = 11516, .adv_w = 256, .box_w = 15, .box_h = 15, .ofs_x = 0, .ofs_y = -2},
    {.bitmap_index = 11629, .adv_w = 256, .box_w = 15, .box_h = 15, .ofs_x = 0, .ofs_y = -2},
    {.bitmap_index = 11742, .adv_w = 256, .box_w = 16, .box_h = 14, .ofs_x = 0, .ofs_y = -1},
    {.bitmap_index = 11854, .adv_w = 256, .box_w = 15, .box_h = 15, .ofs_x = 1, .ofs_y = -2},
    {.bitmap_index = 11967, .adv_w = 256, .box_w = 16, .box_h = 16, .ofs_x = 0, .ofs_y = -2},
    {.bitmap_index = 12095, .adv_w = 256, .box_w = 15, .box_h = 15, .ofs_x = 0, .ofs_y = -1},
    {.bitmap_index = 12208, .adv_w = 256, .box_w = 15, .box_h = 15, .ofs_x = 0, .ofs_y = -2},
    {.bitmap_index = 12321, .adv_w = 256, .box_w = 16, .box_h = 15, .ofs_x = 0, .ofs_y = -1},
    {.bitmap_index = 12441, .adv_w = 256, .box_w = 15, .box_h = 14, .ofs_x = 0, .ofs_y = -2},
    {.bitmap_index = 12546, .adv_w = 256, .box_w = 16, .box_h = 14, .ofs_x = 0, .ofs_y = -2},
    {.bitmap_index = 12658, .adv_w = 256, .box_w = 16, .box_h = 15, .ofs_x = 0, .ofs_y = -1},
    {.bitmap_index = 12778, .adv_w = 256, .box_w = 12, .box_h = 13, .ofs_x = 2, .ofs_y = -1},
    {.bitmap_index = 12856, .adv_w = 256, .box_w = 15, .box_h = 14, .ofs_x = 0, .ofs_y = -1},
    {.bitmap_index = 12961, .adv_w = 256, .box_w = 16, .box_h = 15, .ofs_x = 0, .ofs_y = -2},
    {.bitmap_index = 13081, .adv_w = 256, .box_w = 15, .box_h = 13, .ofs_x = 0, .ofs_y = -1},
    {.bitmap_index = 13179, .adv_w = 256, .box_w = 16, .box_h = 14, .ofs_x = 0, .ofs_y = -2},
    {.bitmap_index = 13291, .adv_w = 256, .box_w = 15, .box_h = 16, .ofs_x = 0, .ofs_y = -2},
    {.bitmap_index = 13411, .adv_w = 256, .box_w = 16, .box_h = 13, .ofs_x = 0, .ofs_y = -1},
    {.bitmap_index = 13515, .adv_w = 256, .box_w = 16, .box_h = 14, .ofs_x = 0, .ofs_y = -1},
    {.bitmap_index = 13627, .adv_w = 256, .box_w = 14, .box_h = 16, .ofs_x = 1, .ofs_y = -2},
    {.bitmap_index = 13739, .adv_w = 256, .box_w = 16, .box_h = 14, .ofs_x = 0, .ofs_y = -1},
    {.bitmap_index = 13851, .adv_w = 256, .box_w = 15, .box_h = 14, .ofs_x = 1, .ofs_y = -1},
    {.bitmap_index = 13956, .adv_w = 256, .box_w = 16, .box_h = 14, .ofs_x = 0, .ofs_y = -1},
    {.bitmap_index = 14068, .adv_w = 256, .box_w = 16, .box_h = 14, .ofs_x = 0, .ofs_y = -1},
    {.bitmap_index = 14180, .adv_w = 256, .box_w = 16, .box_h = 15, .ofs_x = 0, .ofs_y = -1},
    {.bitmap_index = 14300, .adv_w = 256, .box_w = 16, .box_h = 15, .ofs_x = 0, .ofs_y = -1},
    {.bitmap_index = 14420, .adv_w = 256, .box_w = 15, .box_h = 14, .ofs_x = 0, .ofs_y = -1},
    {.bitmap_index = 14525, .adv_w = 256, .box_w = 16, .box_h = 14, .ofs_x = 0, .ofs_y = -1},
    {.bitmap_index = 14637, .adv_w = 256, .box_w = 16, .box_h = 15, .ofs_x = 0, .ofs_y = -2},
    {.bitmap_index = 14757, .adv_w = 256, .box_w = 16, .box_h = 14, .ofs_x = 0, .ofs_y = -1},
    {.bitmap_index = 14869, .adv_w = 256, .box_w = 15, .box_h = 14, .ofs_x = 1, .ofs_y = -1},
    {.bitmap_index = 14974, .adv_w = 256, .box_w = 16, .box_h = 15, .ofs_x = 0, .ofs_y = -2},
    {.bitmap_index = 15094, .adv_w = 256, .box_w = 16, .box_h = 14, .ofs_x = 0, .ofs_y = -1},
    {.bitmap_index = 15206, .adv_w = 256, .box_w = 16, .box_h = 14, .ofs_x = 0, .ofs_y = -1},
    {.bitmap_index = 15318, .adv_w = 256, .box_w = 16, .box_h = 15, .ofs_x = 0, .ofs_y = -2},
    {.bitmap_index = 15438, .adv_w = 256, .box_w = 16, .box_h = 15, .ofs_x = 0, .ofs_y = -2},
    {.bitmap_index = 15558, .adv_w = 256, .box_w = 14, .box_h = 14, .ofs_x = 1, .ofs_y = -2},
    {.bitmap_index = 15656, .adv_w = 256, .box_w = 14, .box_h = 14, .ofs_x = 1, .ofs_y = -1},
    {.bitmap_index = 15754, .adv_w = 256, .box_w = 16, .box_h = 16, .ofs_x = 0, .ofs_y = -2},
    {.bitmap_index = 15882, .adv_w = 256, .box_w = 16, .box_h = 14, .ofs_x = 0, .ofs_y = -1},
    {.bitmap_index = 15994, .adv_w = 256, .box_w = 16, .box_h = 15, .ofs_x = 0, .ofs_y = -2},
    {.bitmap_index = 16114, .adv_w = 256, .box_w = 15, .box_h = 15, .ofs_x = 0, .ofs_y = -2},
    {.bitmap_index = 16227, .adv_w = 256, .box_w = 16, .box_h = 15, .ofs_x = 0, .ofs_y = -2},
    {.bitmap_index = 16347, .adv_w = 256, .box_w = 16, .box_h = 15, .ofs_x = 0, .ofs_y = -2},
    {.bitmap_index = 16467, .adv_w = 256, .box_w = 16, .box_h = 14, .ofs_x = 0, .ofs_y = -1},
    {.bitmap_index = 16579, .adv_w = 256, .box_w = 16, .box_h = 14, .ofs_x = 0, .ofs_y = -1},
    {.bitmap_index = 16691, .adv_w = 256, .box_w = 16, .box_h = 15, .ofs_x = 0, .ofs_y = -2},
    {.bitmap_index = 16811, .adv_w = 256, .box_w = 16, .box_h = 14, .ofs_x = 0, .ofs_y = -1},
    {.bitmap_index = 16923, .adv_w = 256, .box_w = 16, .box_h = 14, .ofs_x = 0, .ofs_y = -1},
    {.bitmap_index = 17035, .adv_w = 256, .box_w = 16, .box_h = 14, .ofs_x = 0, .ofs_y = -1},
    {.bitmap_index = 17147, .adv_w = 256, .box_w = 16, .box_h = 15, .ofs_x = 0, .ofs_y = -2},
    {.bitmap_index = 17267, .adv_w = 256, .box_w = 16, .box_h = 15, .ofs_x = 0, .ofs_y = -2},
    {.bitmap_index = 17387, .adv_w = 256, .box_w = 16, .box_h = 15, .ofs_x = 0, .ofs_y = -2},
    {.bitmap_index = 17507, .adv_w = 256, .box_w = 16, .box_h = 15, .ofs_x = 0, .ofs_y = -2},
    {.bitmap_index = 17627, .adv_w = 256, .box_w = 16, .box_h = 15, .ofs_x = 0, .ofs_y = -2},
    {.bitmap_index = 17747, .adv_w = 256, .box_w = 16, .box_h = 15, .ofs_x = 0, .ofs_y = -2},
    {.bitmap_index = 17867, .adv_w = 256, .box_w = 16, .box_h = 16, .ofs_x = 0, .ofs_y = -2},
    {.bitmap_index = 17995, .adv_w = 256, .box_w = 16, .box_h = 15, .ofs_x = 0, .ofs_y = -2},
    {.bitmap_index = 18115, .adv_w = 256, .box_w = 16, .box_h = 14, .ofs_x = 0, .ofs_y = -2},
    {.bitmap_index = 18227, .adv_w = 256, .box_w = 16, .box_h = 13, .ofs_x = 0, .ofs_y = -1},
    {.bitmap_index = 18331, .adv_w = 256, .box_w = 16, .box_h = 14, .ofs_x = 0, .ofs_y = -1},
    {.bitmap_index = 18443, .adv_w = 256, .box_w = 15, .box_h = 15, .ofs_x = 0, .ofs_y = -2},
    {.bitmap_index = 18556, .adv_w = 256, .box_w = 14, .box_h = 14, .ofs_x = 1, .ofs_y = -1},
    {.bitmap_index = 18654, .adv_w = 256, .box_w = 14, .box_h = 14, .ofs_x = 1, .ofs_y = -1},
    {.bitmap_index = 18752, .adv_w = 256, .box_w = 14, .box_h = 14, .ofs_x = 1, .ofs_y = -1},
    {.bitmap_index = 18850, .adv_w = 256, .box_w = 15, .box_h = 14, .ofs_x = 1, .ofs_y = -1},
    {.bitmap_index = 18955, .adv_w = 256, .box_w = 15, .box_h = 14, .ofs_x = 1, .ofs_y = -1},
    {.bitmap_index = 19060, .adv_w = 256, .box_w = 15, .box_h = 14, .ofs_x = 1, .ofs_y = -1},
    {.bitmap_index = 19165, .adv_w = 256, .box_w = 16, .box_h = 15, .ofs_x = 0, .ofs_y = -1},
    {.bitmap_index = 19285, .adv_w = 256, .box_w = 16, .box_h = 13, .ofs_x = 0, .ofs_y = -1},
    {.bitmap_index = 19389, .adv_w = 256, .box_w = 16, .box_h = 15, .ofs_x = 0, .ofs_y = -1},
    {.bitmap_index = 19509, .adv_w = 256, .box_w = 16, .box_h = 15, .ofs_x = 0, .ofs_y = -2},
    {.bitmap_index = 19629, .adv_w = 256, .box_w = 16, .box_h = 14, .ofs_x = 0, .ofs_y = -1}
};

/*---------------------
 *  CHARACTER MAPPING
 *--------------------*/

static const uint16_t unicode_list_0[] = {
    0x0, 0x4de0, 0x4ded, 0x4dee, 0x4e02, 0x4e0d, 0x4e1a, 0x4e1b,
    0x4ea5, 0x4eaa, 0x4ec4, 0x4ec5, 0x4ed6, 0x4edb, 0x4efa, 0x4f33,
    0x4f3c, 0x4fc1, 0x503c, 0x5088, 0x50af, 0x5128, 0x5129, 0x5145,
    0x5165, 0x516d, 0x51da, 0x51db, 0x520b, 0x5210, 0x5216, 0x5217,
    0x522d, 0x5281, 0x5288, 0x531a, 0x5335, 0x5341, 0x53b1, 0x53b6,
    0x53cf, 0x53d0, 0x53d7, 0x53ee, 0x540f, 0x545d, 0x546c, 0x56be,
    0x5708, 0x5727, 0x57bf, 0x58e7, 0x5911, 0x5914, 0x5b30, 0x5b37,
    0x5b38, 0x5b6c, 0x5b7e, 0x5c11, 0x5c22, 0x5c2f, 0x5dc5, 0x5dd2,
    0x5e18, 0x5e73, 0x5e74, 0x5e86, 0x5ee0, 0x5ee2, 0x5f33, 0x5f65,
    0x5fe1, 0x604f, 0x61f0, 0x6233, 0x624b, 0x62bf, 0x62c9, 0x634e,
    0x6385, 0x6387, 0x6388, 0x63b0, 0x6424, 0x6458, 0x64ad, 0x6550,
    0x6590, 0x65c0, 0x65c5, 0x65d6, 0x661e, 0x6662, 0x670a, 0x677c,
    0x67c5, 0x67e7, 0x6818, 0x6826, 0x68a0, 0x6a01, 0x6b43, 0x6b95,
    0x6d1e, 0x6d21, 0x6d2b, 0x6d68, 0x6de5, 0x7099, 0x7116, 0x7227,
    0x7249, 0x7296, 0x7508, 0x752c, 0x76b8, 0x76ce, 0x76eb, 0x76ff,
    0x77e1, 0x784c, 0x784e, 0x786d, 0x791a, 0x799b, 0x79eb, 0x7a5a,
    0x7ab9, 0x7acf, 0x7b0c, 0x7b29, 0x7cdb, 0x7e9f, 0x7ea8, 0x7eb3,
    0x7ebc, 0x7ebf, 0x7ec7, 0x7eca, 0x7ecd, 0x7ef6, 0x7f31, 0x80ac,
    0x89c6, 0x8b82, 0x8b84, 0x8b9e, 0x8b9f, 0x8ba6, 0x8bbd, 0x8bd7,
    0x8d05, 0x8dcf, 0x8f46, 0x8f66, 0x8f73, 0x8fa7, 0x8fb4, 0x8fbb,
    0x8fbe, 0x8fe0, 0x8fe1, 0x8fe9, 0x8ffa, 0x912d, 0x91ad, 0x950e,
    0x95ce, 0x95d2, 0x95d4, 0x9616, 0x9644, 0x967c, 0x9739, 0x9742,
    0x97d3, 0x9871, 0x9a6c
};

/*Collect the unicode lists and glyph_id offsets*/
static const lv_font_fmt_txt_cmap_t cmaps[] =
{
    {
        .range_start = 32, .range_length = 39533, .glyph_id_start = 1,
        .unicode_list = unicode_list_0, .glyph_id_ofs_list = NULL, .list_length = 179, .type = LV_FONT_FMT_TXT_CMAP_SPARSE_TINY
    }
};



/*--------------------
 *  ALL CUSTOM DATA
 *--------------------*/

#if LVGL_VERSION_MAJOR == 8
/*Store all the custom data of the font*/
static  lv_font_fmt_txt_glyph_cache_t cache;
#endif

#if LVGL_VERSION_MAJOR >= 8
static const lv_font_fmt_txt_dsc_t font_dsc = {
#else
static lv_font_fmt_txt_dsc_t font_dsc = {
#endif
    .glyph_bitmap = glyph_bitmap,
    .glyph_dsc = glyph_dsc,
    .cmaps = cmaps,
    .kern_dsc = NULL,
    .kern_scale = 0,
    .cmap_num = 1,
    .bpp = 4,
    .kern_classes = 0,
    .bitmap_format = 0,
#if LVGL_VERSION_MAJOR == 8
    .cache = &cache
#endif
};



/*-----------------
 *  PUBLIC FONT
 *----------------*/

/*Initialize a public general font descriptor*/
#if LVGL_VERSION_MAJOR >= 8
const lv_font_t lvgldemo_font_zh_16 = {
#else
lv_font_t lvgldemo_font_zh_16 = {
#endif
    .get_glyph_dsc = lv_font_get_glyph_dsc_fmt_txt,    /*Function pointer to get glyph's data*/
    .get_glyph_bitmap = lv_font_get_bitmap_fmt_txt,    /*Function pointer to get glyph's bitmap*/
    .line_height = 16,          /*The maximum line height required by the font*/
    .base_line = 2,             /*Baseline measured from the bottom of the line*/
#if !(LVGL_VERSION_MAJOR == 6 && LVGL_VERSION_MINOR == 0)
    .subpx = LV_FONT_SUBPX_NONE,
#endif
#if LV_VERSION_CHECK(7, 4, 0) || LVGL_VERSION_MAJOR >= 8
    .underline_position = -1,
    .underline_thickness = 1,
#endif
    .dsc = &font_dsc,          /*The custom font data. Will be accessed by `get_glyph_bitmap/dsc` */
#if LV_VERSION_CHECK(8, 2, 0) || LVGL_VERSION_MAJOR >= 9
    .fallback = NULL,
#endif
    .user_data = NULL,
};



#endif /*#if LVGLDEMO_FONT_ZH_16*/

